Pitcher,PitcherTeam,PitcherThrows,TaggedPitchType,pitch_count,avg_xRV,xRV+,SwStr%
"Albanese, Tyler",COT_KET,Right,Curveball,5,-0.07758871811670011,109.38666374831544,0.0
"Albanese, Tyler",COT_KET,Right,Fastball,24,0.22486602617764193,98.44153194273385,8.33
"Albanese, Tyler",COT_KET,Right,FourSeamFastBall,12,-0.11799821745823923,110.8807786126689,8.33
"Albanese, Tyler",COT_KET,Right,Slider,8,0.35287467570131825,92.77203994048996,12.5
"Applebey, Kaleb",WAR_GAT,Right,Curveball,5,-0.022999747854830093,107.70482816252736,20.0
"Applebey, Kaleb",WAR_GAT,Right,Cutter,3,-0.028591211505818292,105.59748005298418,33.33
"Applebey, Kaleb",WAR_GAT,Right,Fastball,7,-0.03092279469476596,108.13538486290871,14.29
"Applebey, Kaleb",WAR_GAT,Right,Sinker,35,0.23329639788205406,97.05013305873149,8.57
"Applebey, Kaleb",WAR_GAT,Right,Slider,17,0.11960341257905975,101.51206210138169,0.0
"August, Tyler",HYA_HAR,Right,ChangeUp,6,0.14178792494524034,102.32999443263293,16.67
"August, Tyler",HYA_HAR,Right,Curveball,2,0.012439530327777448,106.61297684354793,50.0
"August, Tyler",HYA_HAR,Right,Fastball,20,0.24708280715679964,97.59956314035557,20.0
"August, Tyler",HYA_HAR,Right,Slider,13,0.032679673541483614,104.76885162327754,0.0
"Bailey, Carson",BRE_WHI,Left,ChangeUp,2,0.2747632132054592,97.44447708758813,0.0
"Bailey, Carson",BRE_WHI,Left,Curveball,8,0.05681689315474675,105.2457514196612,0.0
"Bailey, Carson",BRE_WHI,Left,Fastball,23,0.09246438640018878,103.45927281981787,8.7
"Bailey, Carson",BRE_WHI,Left,Sinker,9,0.1880399479344615,98.80813592843114,0.0
"Bailey, Carson",BRE_WHI,Left,Slider,3,0.08704794861845111,102.7318243329803,0.0
"Baisley, Logan",WAR_GAT,Right,ChangeUp,15,0.30795201210601436,96.2251193045648,20.0
"Baisley, Logan",WAR_GAT,Right,Fastball,25,0.07011920287793637,104.30610780580453,8.0
"Baisley, Logan",WAR_GAT,Right,Sinker,3,0.2573426628860355,96.11604735533427,0.0
"Baisley, Logan",WAR_GAT,Right,Slider,17,0.20405217890843091,98.34800288851655,11.76
"Ballard, Carson",YAR_RED,Right,Curveball,1,1.3203555235036213,66.31729714868946,0.0
"Ballard, Carson",YAR_RED,Right,Cutter,10,0.013418829172746203,103.74511707237875,40.0
"Ballard, Carson",YAR_RED,Right,Fastball,3,0.17419640792965976,100.36180283315856,0.0
"Ballard, Carson",YAR_RED,Right,Sinker,24,0.17501138336629618,99.31423514578967,0.0
"Ballard, Carson",YAR_RED,Right,Slider,22,0.02298398858160311,105.13212183616257,22.73
"Ballard, Carson",YAR_RED,Right,Splitter,1,0.8574498423839978,72.53264430169911,0.0
"Barr, Preston",CHA_ANG,Right,ChangeUp,11,0.24442706715461185,98.5590282921939,9.09
"Barr, Preston",CHA_ANG,Right,Curveball,3,0.3430580920869824,96.42692534227804,0.0
"Barr, Preston",CHA_ANG,Right,Fastball,20,0.6035849434579947,84.08888951808741,10.0
"Barr, Preston",CHA_ANG,Right,Slider,1,0.281777158013444,95.43586518779759,0.0
"Bates, Zach",BRE_WHI,Left,ChangeUp,2,0.18573684061564738,100.71530953431171,0.0
"Bates, Zach",BRE_WHI,Left,Fastball,35,-0.009002370381627779,107.30464734860044,5.71
"Bates, Zach",BRE_WHI,Left,Slider,10,0.510935210280787,86.84995353989065,10.0
"Bauer, Douglas",BRE_WHI,Right,Fastball,21,0.052301873571331835,104.9813467358698,9.52
"Bauer, Douglas",BRE_WHI,Right,Sinker,1,-0.2505487184062697,115.84526842418863,0.0
"Bauer, Douglas",BRE_WHI,Right,Slider,6,0.18331800728045355,99.12485434073027,0.0
"Bauer, Douglas",BRE_WHI,Right,Splitter,23,0.041147941638832064,103.77742480270446,21.74
"Baumler, Trever",FAL_COM,Right,ChangeUp,4,0.005574967358075084,107.33446387668248,0.0
"Baumler, Trever",FAL_COM,Right,Curveball,8,0.022200571114563302,106.31224822253176,12.5
"Baumler, Trever",FAL_COM,Right,Fastball,33,0.14644308085411736,101.41359497090025,9.09
"Baumler, Trever",FAL_COM,Right,Slider,7,0.30106599842499027,94.71316625609735,14.29
"Bayles, Max",BOU_BRA,Right,Fastball,13,0.4750070482550393,88.96171859885807,0.0
"Bayles, Max",BOU_BRA,Right,Slider,8,0.08028469973344025,102.98522436324308,0.0
"Berg, Jack",FAL_COM,Left,ChangeUp,4,0.7169088552836081,81.20002872676446,0.0
"Berg, Jack",FAL_COM,Left,Sinker,24,0.27044958168792155,95.60690443994167,8.33
"Berg, Jack",FAL_COM,Left,Slider,10,0.25763330493944353,96.34046787263614,10.0
"Bevis, Logan",BOU_BRA,Right,Curveball,2,0.059308601290101404,105.16898420109428,0.0
"Bevis, Logan",BOU_BRA,Right,Cutter,1,0.5062810125377005,82.01317755841782,0.0
"Bevis, Logan",BOU_BRA,Right,Fastball,9,0.8191538560159883,75.91928568093769,0.0
"Bevis, Logan",BOU_BRA,Right,Sinker,6,0.44415485698055707,88.85926133492462,0.0
"Bevis, Logan",BOU_BRA,Right,Slider,3,0.5433433347724105,85.63571170633365,0.0
"Bixby, Mason",CHA_ANG,Right,ChangeUp,3,-0.05581294618897396,109.58985824607329,0.0
"Bixby, Mason",CHA_ANG,Right,Fastball,31,0.08086835875678061,103.8987376332139,22.58
"Bixby, Mason",CHA_ANG,Right,Slider,7,-0.20690493806612678,113.74541730407334,28.57
"Blanco, Evan",HYA_HAR,Left,ChangeUp,33,0.3165574035353884,95.90895688341755,15.15
"Blanco, Evan",HYA_HAR,Left,Fastball,30,0.4359888314045437,90.44042612824173,3.33
"Blanco, Evan",HYA_HAR,Left,Slider,5,0.2876732481288355,95.21495517264441,20.0
"Borberg, Ryan",CHA_ANG,Right,Fastball,30,0.14663397236390568,101.40636058820407,0.0
"Borberg, Ryan",CHA_ANG,Right,Sinker,6,0.15549831754878574,100.07222711695722,0.0
"Borberg, Ryan",CHA_ANG,Right,Slider,14,0.05073757021194052,104.0922727126718,0.0
"Borberg, Ryan",CHA_ANG,Right,Splitter,7,-0.009261480352288942,105.70689639141122,0.0
"Brittain, Nathan",BRE_WHI,Right,Cutter,2,-0.12059972586076656,109.65444270140578,0.0
"Brittain, Nathan",BRE_WHI,Right,Fastball,1,0.1304243192950336,102.02067200416343,0.0
"Brittain, Nathan",BRE_WHI,Right,Sinker,16,0.24684082020214565,96.52399516380781,12.5
"Brittain, Nathan",BRE_WHI,Right,Slider,1,0.0899691694048397,102.62237435586711,0.0
"Buckler, Ryan",COT_KET,Right,ChangeUp,2,0.012127651390444598,107.0937180064115,0.0
"Buckler, Ryan",COT_KET,Right,Curveball,2,0.37108639818459854,95.56339920543758,0.0
"Buckler, Ryan",COT_KET,Right,Fastball,1,-0.0799271459614096,109.99254567238907,0.0
"Buckler, Ryan",COT_KET,Right,Sinker,4,-0.03606564322781302,107.51359720158112,0.0
"Buckler, Ryan",COT_KET,Right,Slider,2,0.25964115278180816,96.26523942656404,50.0
"Burns, Dane",CHA_ANG,Left,ChangeUp,6,-0.033348653478635214,108.76451924424498,0.0
"Burns, Dane",CHA_ANG,Left,Fastball,27,0.42640155503200006,90.80376353580913,11.11
"Burns, Dane",CHA_ANG,Left,Sinker,4,0.6118713737265077,82.34425368238345,0.0
"Burns, Dane",CHA_ANG,Left,Slider,12,-0.04651353741376829,107.73599986724412,25.0
"Butler, Tazwell",HAR_MAR,Right,Curveball,1,-0.3756972062619539,118.57111000885185,0.0
"Butler, Tazwell",HAR_MAR,Right,Cutter,2,-0.0947901430680671,108.51641200831813,0.0
"Butler, Tazwell",HAR_MAR,Right,Fastball,17,-0.05662523847574445,109.10945288062771,23.53
"Butler, Tazwell",HAR_MAR,Right,Slider,5,0.19593182011689342,98.65225003341769,80.0
"Calder, Ethan",CHA_ANG,Left,ChangeUp,8,0.1145515793201526,103.33065884711127,0.0
"Calder, Ethan",CHA_ANG,Left,Curveball,6,0.20762021118691298,100.59964094157864,0.0
"Calder, Ethan",CHA_ANG,Left,Fastball,28,0.2485057285569864,97.54563744210442,0.0
"Calder, Ethan",CHA_ANG,Left,Slider,10,0.11784542425525313,101.57792900973124,0.0
"Campbell, Kayden",WAR_GAT,Left,ChangeUp,2,0.1404710790135219,102.3783754041979,0.0
"Campbell, Kayden",WAR_GAT,Left,Fastball,8,0.19014431445291666,99.75741105523069,12.5
"Campbell, Kayden",WAR_GAT,Left,Sinker,1,-0.0495537688412682,108.0375482309434,0.0
"Campbell, Kayden",WAR_GAT,Left,Slider,16,0.01599848195393533,105.39384924276075,6.25
"Carlon, Cole",COT_KET,Left,Curveball,1,0.0512755971775331,105.41647361356146,0.0
"Carlon, Cole",COT_KET,Left,Cutter,21,-0.21889712773940342,113.98870340167184,33.33
"Carlon, Cole",COT_KET,Left,Fastball,16,0.1753102223814948,100.31959163159148,6.25
"Carlon, Cole",COT_KET,Left,Slider,4,-0.23874566343231737,114.93840027846363,25.0
"Catalano, Michael",YAR_RED,Right,Curveball,11,-0.09100155542889331,109.79990083613406,9.09
"Catalano, Michael",YAR_RED,Right,Cutter,3,0.08733966870166943,100.48570040848301,33.33
"Catalano, Michael",YAR_RED,Right,Fastball,34,-0.1250246502945726,111.70164528269103,5.88
"Catalano, Michael",YAR_RED,Right,Slider,8,0.16728470560478892,99.72557733627612,37.5
"Coats, TJ",FAL_COM,Right,Curveball,9,-0.15454993588542623,111.75776754727164,55.56
"Coats, TJ",FAL_COM,Right,Fastball,19,0.02632686427037135,105.96574440776529,5.26
"Coats, TJ",FAL_COM,Right,Sinker,8,0.15828025523481754,99.9641617596207,0.0
"Coats, TJ",FAL_COM,Right,Slider,16,0.06547581269924453,103.54007196480632,12.5
"Colucci, Joe",BOU_BRA,Right,ChangeUp,10,0.09115795117734467,104.19014166945013,0.0
"Colucci, Joe",BOU_BRA,Right,Cutter,5,0.08365183700326992,100.64830922310156,0.0
"Colucci, Joe",BOU_BRA,Right,Sinker,28,0.26618268620180374,95.77265351036125,0.0
"Colucci, Joe",BOU_BRA,Right,Slider,11,0.3338444417285651,93.48504961181688,9.09
"Consiglio, Cooper",WAR_GAT,Left,ChangeUp,4,0.10522960531144437,103.67314854053821,0.0
"Consiglio, Cooper",WAR_GAT,Left,Curveball,13,0.1713314535755015,101.71766393454101,0.0
"Consiglio, Cooper",WAR_GAT,Left,Fastball,43,0.11782614237764656,102.49811614610431,6.98
"Consiglio, Cooper",WAR_GAT,Left,Slider,12,-0.08491595286534144,109.1748310270969,8.33
"Copper, Eddie",HYA_HAR,Right,ChangeUp,12,0.20558869057045104,99.98595178254938,16.67
"Copper, Eddie",HYA_HAR,Right,Cutter,2,0.1918642998548162,95.87686037447853,0.0
"Copper, Eddie",HYA_HAR,Right,Fastball,10,0.03566152532754781,105.61198058400112,10.0
"Copper, Eddie",HYA_HAR,Right,Sinker,12,-0.034472422134509864,107.45170796242655,8.33
"Copper, Eddie",HYA_HAR,Right,Slider,4,0.6658651177118837,81.04516298742982,25.0
"Coppersmith, Zane",COT_KET,Left,ChangeUp,3,0.15297307200748747,101.91905168759784,0.0
"Coppersmith, Zane",COT_KET,Left,Curveball,3,0.07617973481970297,104.64920021164455,33.33
"Coppersmith, Zane",COT_KET,Left,Fastball,11,0.1751930688197356,100.32403150270429,9.09
"Coppersmith, Zane",COT_KET,Right,ChangeUp,4,0.41938623417884685,92.13102158241485,50.0
"Coppersmith, Zane",COT_KET,Right,Curveball,6,0.0899418195040738,104.22520313593913,0.0
"Coppersmith, Zane",COT_KET,Right,Fastball,18,0.16968169857010135,100.53290072695873,16.67
"Davenport, Mason",COT_KET,Right,FourSeamFastBall,9,0.5880321626336893,85.45104927370315,11.11
"Davenport, Mason",COT_KET,Right,Slider,5,0.11065811566968282,101.84721737159057,0.0
"Davis, Chase",BRE_WHI,Left,ChangeUp,1,0.3674891692285424,94.03772179934138,100.0
"Davis, Chase",BRE_WHI,Left,Curveball,9,0.5224874672347172,90.89887257243196,0.0
"Davis, Chase",BRE_WHI,Left,Fastball,19,-0.12544245156418768,111.71747906324366,0.0
"Davis, Chase",BRE_WHI,Left,Sinker,1,0.0862202366389599,102.76335877195434,0.0
"Desch, Dominic",YAR_RED,Right,Sinker,15,-0.14447198115039436,111.72467989547825,26.67
"Desch, Dominic",YAR_RED,Right,Slider,3,-0.22534939349086205,114.43647949064571,0.0
"Deverman, Kenton",COT_KET,Left,ChangeUp,2,-0.20327185324686703,115.00750431804806,0.0
"Deverman, Kenton",COT_KET,Left,Curveball,4,0.34113251194341754,96.4862506820527,0.0
"Deverman, Kenton",COT_KET,Left,Fastball,36,-0.016183580454213777,107.57679995478198,27.78
"Deverman, Kenton",COT_KET,Left,Slider,3,-0.07494693520990812,108.80131980216241,0.0
"Dudan, Jacob",BRE_WHI,Right,Fastball,9,2.129640085602657,26.254641541292163,22.22
"Dudan, Jacob",BRE_WHI,Right,Sinker,37,1.8753351111753145,33.26455611952555,8.11
"Dudan, Jacob",BRE_WHI,Right,Slider,10,1.459412227069239,51.31317101952136,20.0
"Echeman, Kaden",FAL_COM,Right,ChangeUp,1,0.1565307514707111,101.78834240354142,0.0
"Echeman, Kaden",FAL_COM,Right,Curveball,15,0.12783621644146057,103.05771188330066,20.0
"Echeman, Kaden",FAL_COM,Right,Cutter,10,-0.0920860329267586,108.39717876216241,30.0
"Echeman, Kaden",FAL_COM,Right,Fastball,36,-0.06813587667337061,109.54568161542764,25.0
"Echeman, Kaden",FAL_COM,Right,Slider,10,-0.04756358747456215,107.77534230779402,20.0
"Faulkner, Jacob",WAR_GAT,Right,ChangeUp,2,0.018240705369949893,106.86912416165424,0.0
"Faulkner, Jacob",WAR_GAT,Right,Fastball,48,-0.13734724347608426,112.1686453864849,8.33
"Faulkner, Jacob",WAR_GAT,Right,Slider,19,-0.26017082778932005,115.74114129668673,5.26
"Foley, Ethan",ORL_FIR,Right,ChangeUp,4,0.06488328705304597,105.15547386758976,0.0
"Foley, Ethan",ORL_FIR,Right,Cutter,7,-0.1100930619362952,109.19116880333306,42.86
"Foley, Ethan",ORL_FIR,Right,Fastball,31,-0.03496160336985383,108.28844713175805,12.9
"Foley, Ethan",ORL_FIR,Right,Slider,7,0.2899562958571223,95.1294157561191,57.14
"Foster, Charlie",CHA_ANG,Left,ChangeUp,1,0.3707048151158919,93.91957884237765,0.0
"Foster, Charlie",CHA_ANG,Left,Curveball,3,0.38605723954376386,95.10216145674498,0.0
"Foster, Charlie",CHA_ANG,Left,Cutter,6,-0.04243645039706432,106.20796287008055,16.67
"Foster, Charlie",CHA_ANG,Left,Fastball,41,0.2109739178139375,98.96801333769699,21.95
"Foster, Elijah",BRE_WHI,Right,ChangeUp,7,0.10258446132840912,103.77033123499471,14.29
"Foster, Elijah",BRE_WHI,Right,Cutter,1,-0.1740021504226306,112.00913393081574,0.0
"Foster, Elijah",BRE_WHI,Right,Fastball,7,0.32094405278616983,94.80037883984551,0.0
"Foster, Elijah",BRE_WHI,Right,Sinker,27,-0.019169483706756047,106.85725988481592,7.41
"Foster, Elijah",BRE_WHI,Right,Slider,12,0.2171469692718643,97.85737769775459,41.67
"Franco, Noah",BOU_BRA,Left,ChangeUp,5,0.11941073393577864,103.15213331452931,0.0
"Franco, Noah",BOU_BRA,Left,Curveball,4,0.5549001495951411,89.9002678659665,25.0
"Franco, Noah",BOU_BRA,Left,Cutter,2,0.0877678322445655,100.46682124808005,0.0
"Franco, Noah",BOU_BRA,Left,Fastball,38,-0.009844724856285715,107.33657079371478,2.63
"Franco, Noah",BOU_BRA,Left,Sinker,7,0.39115336773150083,90.91812300671054,14.29
"Franco, Noah",BOU_BRA,Left,Slider,12,0.15570482465505858,100.15944310596626,0.0
"Franco, Noah",BOU_BRA,Left,Undefined,1,0.5662887046830386,86.53628044319332,0.0
"Galle, Patrick",WAR_GAT,Right,ChangeUp,1,0.3610694313914738,94.27358322114378,0.0
"Galle, Patrick",WAR_GAT,Right,Cutter,2,0.06256258772353765,101.57820464866035,0.0
"Galle, Patrick",WAR_GAT,Right,Fastball,7,0.10093221721629553,103.13836002071939,0.0
"Gambardella, Gianni",HAR_MAR,Right,ChangeUp,5,-0.03475052341170959,108.81602400097938,0.0
"Gambardella, Gianni",HAR_MAR,Right,Cutter,3,0.030387097016371645,102.99692947982146,0.0
"Gambardella, Gianni",HAR_MAR,Right,Fastball,27,0.3140004027320173,95.06352842599453,11.11
"Gambardella, Gianni",HAR_MAR,Right,Slider,1,-0.2046820879908565,113.66213332533474,0.0
"Garcia, Santi",HYA_HAR,Left,Curveball,12,0.16963759730487435,101.76985007653059,8.33
"Garcia, Santi",HYA_HAR,Left,Fastball,27,1.1342292495573052,63.978597603411124,3.7
"Garcia, Santi",HYA_HAR,Left,Slider,2,0.1422639282170838,100.66303592386335,0.0
"Garcia, Santi",HYA_HAR,Right,Curveball,4,0.0067978749883129685,106.78679101639541,25.0
"Garcia, Santi",HYA_HAR,Right,Fastball,3,0.20003545228858685,99.3825579437259,0.0
"Gillen, Michael",FAL_COM,Right,ChangeUp,4,0.07710165675359862,104.70657048199674,0.0
"Gillen, Michael",FAL_COM,Right,Fastball,9,0.04615969844451642,105.21412212490453,0.0
"Gillen, Michael",FAL_COM,Right,Sinker,15,0.14224388411117406,100.58710029076002,13.33
"Gillen, Michael",FAL_COM,Right,Slider,4,0.23113725853732225,97.33320066634158,0.0
"Godard, Isaac",CHA_ANG,Right,ChangeUp,2,0.17975584854902044,100.93505141917154,0.0
"Godard, Isaac",CHA_ANG,Right,Fastball,10,0.9429670279499911,71.22702949001041,0.0
"Godard, Isaac",CHA_ANG,Right,Slider,1,0.4609538802161922,88.72261426349831,0.0
"Gonzalez, Sebastian",ORL_FIR,Left,ChangeUp,17,0.37159380786218016,93.8869172137515,23.53
"Gonzalez, Sebastian",ORL_FIR,Left,Curveball,11,0.5815121403167478,89.08037709335154,18.18
"Gonzalez, Sebastian",ORL_FIR,Left,Fastball,59,0.280054301272112,96.35001355714027,8.47
"Gonzalez, Sebastian",ORL_FIR,Left,Slider,2,0.9237609586232167,71.3825267304061,0.0
"Gosztola, Miles",ORL_FIR,Left,ChangeUp,4,-0.1164281308957625,111.81686252733945,0.0
"Gosztola, Miles",ORL_FIR,Left,Curveball,1,0.0045890029413118,106.85484431718636,0.0
"Gosztola, Miles",ORL_FIR,Left,FourSeamFastBall,2,0.643468697559878,83.45434188204736,0.0
"Gosztola, Miles",ORL_FIR,Left,Sinker,43,0.26620195962909554,95.77190482723373,4.65
"Gosztola, Miles",ORL_FIR,Left,Slider,18,0.1932703954735872,98.75196617526345,0.0
"Halvorson, Wyatt",COT_KET,Right,Curveball,4,0.05610797621210279,105.26759249370578,0.0
"Halvorson, Wyatt",COT_KET,Right,Cutter,18,0.03388444846358829,102.84271957556169,5.56
"Halvorson, Wyatt",COT_KET,Right,Fastball,23,0.15421005226822684,101.1192432542506,13.04
"Halvorson, Wyatt",COT_KET,Right,Slider,3,-0.027485488400208303,107.0230720602305,33.33
"Hamilton, Brady",YAR_RED,Right,ChangeUp,1,0.1059479952461274,103.6467548659516,0.0
"Hamilton, Brady",YAR_RED,Right,Fastball,1,0.2085958369764912,99.05813754950525,0.0
"Hamilton, Brady",YAR_RED,Right,Sinker,20,0.1915609043827198,98.67136312483532,5.0
"Hamilton, Brady",YAR_RED,Right,Slider,6,0.08577335117112204,102.77957993642138,33.33
"Harrington, Cooper",HAR_MAR,Right,ChangeUp,2,-0.14035841664037685,112.69606217117409,50.0
"Harrington, Cooper",HAR_MAR,Right,Curveball,3,-0.030756810510052666,107.94381607441062,0.0
"Harrington, Cooper",HAR_MAR,Right,Cutter,1,-0.0922157837241418,108.40289990810501,100.0
"Harrington, Cooper",HAR_MAR,Right,Fastball,20,-0.02076717894316547,107.75050860023994,30.0
"Harrington, Cooper",HAR_MAR,Right,Sinker,1,0.0643390069813219,103.61334290847479,0.0
"Harris, Zach",YAR_RED,Right,ChangeUp,5,-0.04890453672100964,109.3360430092425,20.0
"Harris, Zach",YAR_RED,Right,Sinker,17,0.0017305445153516018,106.04539086650323,17.65
"Harris, Zach",YAR_RED,Right,Slider,4,0.0275853378719144,104.95972214050761,0.0
"Haug, Max",COT_KET,Right,ChangeUp,6,0.2821727825085182,97.1722492186132,0.0
"Haug, Max",COT_KET,Right,Curveball,3,0.45181988124330386,93.07607540868172,0.0
"Haug, Max",COT_KET,Right,Fastball,6,0.20272282337607406,99.28071228848897,50.0
"Haug, Max",COT_KET,Right,FourSeamFastBall,3,0.10908240207634295,102.70181230227132,66.67
"Haug, Max",COT_KET,Right,Sinker,15,0.24559584863500403,96.57235652644813,6.67
"Haug, Max",COT_KET,Right,Slider,2,0.36220255813042473,92.42255026030652,0.0
"Hays, James",COT_KET,Right,ChangeUp,4,-0.15478454040399267,113.2260785282809,50.0
"Hays, James",COT_KET,Right,Curveball,4,0.1670586544241376,101.84930491676171,0.0
"Hays, James",COT_KET,Right,Fastball,19,-0.12870659050738853,111.84118299494203,5.26
"Hays, James",COT_KET,Right,FourSeamFastBall,1,-0.1416670368411066,111.7332797056117,0.0
"Hays, James",COT_KET,Right,Slider,13,0.1816807455691111,99.18619796038054,7.69
"Hays, James",COT_KET,Right,Splitter,1,-0.2422405199493351,114.62440466488177,0.0
"Hoffberg, Erik",HYA_HAR,Right,Fastball,16,0.04823317949688082,105.13554159786729,18.75
"Hoffberg, Erik",HYA_HAR,Right,Sinker,2,0.27891726144903484,95.27797441257601,0.0
"Hoffberg, Erik",HYA_HAR,Right,Slider,47,0.16774468118674662,99.70834333700003,19.15
"Humphrey, Kaden",FAL_COM,Right,Fastball,10,0.043660002013450494,105.30885530935409,0.0
"Humphrey, Kaden",FAL_COM,Right,Slider,11,0.1988146373427287,98.54423893036811,18.18
"Humphrey, Kaden",FAL_COM,Right,Splitter,6,-0.4537843549896186,122.72145881377067,33.33
"Jackson, Luke",CHA_ANG,Right,ChangeUp,1,0.3536925713448458,94.54460935074498,0.0
"Jackson, Luke",CHA_ANG,Right,Cutter,16,0.19113471337119178,95.90903027890104,12.5
"Jackson, Luke",CHA_ANG,Right,Fastball,38,0.4072959469668365,91.52782549403905,10.53
"Jackson, Luke",CHA_ANG,Right,Slider,3,0.12651473540988994,101.25311415428341,66.67
"Jackson, Luke",CHA_ANG,Right,Sweeper,3,0.08272952744771657,104.01167066702192,0.0
"Jasa, Carson",HYA_HAR,Right,ChangeUp,1,0.4212509546775233,92.0625116776112,0.0
"Jasa, Carson",HYA_HAR,Right,Curveball,14,-0.06582910672151539,109.02436101894384,0.0
"Jasa, Carson",HYA_HAR,Right,Fastball,39,-0.17117776559951245,113.45075030631179,5.13
"Jasa, Carson",HYA_HAR,Right,Slider,10,-0.2282080026916819,114.54358358666718,0.0
"Johnston, Zach",FAL_COM,Left,ChangeUp,4,-0.2331976841134153,116.10698052656954,50.0
"Johnston, Zach",FAL_COM,Left,Sinker,7,0.34143889442115843,92.84929937707095,14.29
"Johnston, Zach",FAL_COM,Left,Slider,6,0.23441107967690447,97.21053973962576,0.0
"Kelly, Owen",ORL_FIR,Right,Cutter,2,-0.14450856600411194,110.70866330379963,50.0
"Kelly, Owen",ORL_FIR,Right,Sinker,30,0.4438164459608408,88.87240703116213,10.0
"Kelly, Owen",ORL_FIR,Right,Slider,20,0.00205937883340985,105.9161084724049,25.0
"Kipp, Kyle",BRE_WHI,Right,ChangeUp,5,-0.010496678534527359,107.92493678182913,20.0
"Kipp, Kyle",BRE_WHI,Right,Fastball,2,-0.3276258745399475,119.37980128100068,0.0
"Kipp, Kyle",BRE_WHI,Right,Sinker,7,0.08471611030262689,102.82178709363505,0.0
"Kipp, Kyle",BRE_WHI,Right,Slider,1,-0.2077658024802291,113.77767148727649,100.0
"Konstantinovsky, Zack",BOU_BRA,Right,ChangeUp,7,0.057544056034417125,105.42511750521537,42.86
"Konstantinovsky, Zack",BOU_BRA,Right,Cutter,7,0.06069764509864944,101.66043619672591,0.0
"Konstantinovsky, Zack",BOU_BRA,Right,Fastball,4,0.0778462124483901,104.01327055813559,0.0
"Konstantinovsky, Zack",BOU_BRA,Right,Sinker,9,-0.011702020796614131,106.56718363622356,0.0
"Konstantinovsky, Zack",BOU_BRA,Right,Slider,5,-0.1021085161696702,109.81898831535925,0.0
"Krenzel, Brayden",ORL_FIR,Right,ChangeUp,3,0.1523707814312148,101.94117986716891,0.0
"Krenzel, Brayden",ORL_FIR,Right,Sinker,31,0.216507593879038,97.70230011227426,12.9
"Krenzel, Brayden",ORL_FIR,Right,Slider,6,-0.0699473699606133,108.6140000676662,0.0
"Krenzel, Brayden",ORL_FIR,Right,Splitter,5,0.1930326669419975,97.96388339208072,20.0
"Langley, Brandon",COT_KET,Right,Fastball,21,0.8140966971289944,76.11094125946248,19.05
"Langley, Brandon",COT_KET,Right,Slider,4,-0.05744684305577641,108.14564026754012,0.0
"Lanman, Brett",HYA_HAR,Left,Curveball,11,0.011588282412486323,106.63920300296067,0.0
"Lanman, Brett",HYA_HAR,Left,Fastball,23,0.21273785915494148,98.90116370814246,8.7
"Lanman, Brett",HYA_HAR,Left,Sinker,3,0.6455753832212322,81.0350094645819,0.0
"Lanman, Brett",HYA_HAR,Left,Slider,3,0.2098774590998093,98.1297459232796,0.0
"Leffew, Haiden",BRE_WHI,Left,ChangeUp,11,-0.1429329327990196,112.79064999657166,18.18
"Leffew, Haiden",BRE_WHI,Left,Curveball,14,-0.1377464832785715,111.2400687443314,7.14
"Leffew, Haiden",BRE_WHI,Left,Fastball,26,0.20283421297963866,99.27649085914695,7.69
"Leffew, Haiden",BRE_WHI,Left,Slider,1,-0.1460921684283206,111.46693281701903,0.0
"Libbert, Wil",HYA_HAR,Left,ChangeUp,6,-0.13993837247236476,112.68062973184378,33.33
"Libbert, Wil",HYA_HAR,Left,Curveball,2,-0.2517644943052578,114.75285800277614,0.0
"Libbert, Wil",HYA_HAR,Left,Fastball,40,0.038323316085137456,105.51110436892513,5.0
"Libbert, Wil",HYA_HAR,Left,Slider,23,0.4796363088138119,88.02263588734962,21.74
"Linn, Conner",FAL_COM,Left,ChangeUp,7,0.083402922311139,104.47506173642549,42.86
"Linn, Conner",FAL_COM,Left,Fastball,29,0.19590402293726183,99.53913033944374,48.28
"Linn, Conner",FAL_COM,Left,Slider,18,0.7643066080015477,77.35683552194196,16.67
"Litteral, Lucas",ORL_FIR,Left,ChangeUp,4,0.5044857336976607,89.00446260748555,25.0
"Litteral, Lucas",ORL_FIR,Left,Curveball,4,0.19496099728060673,100.98965959064996,0.0
"Litteral, Lucas",ORL_FIR,Left,Cutter,4,0.6030339795179852,77.74701615026032,0.0
"Litteral, Lucas",ORL_FIR,Left,Fastball,22,0.5841387389627342,84.82585935746413,4.55
"Litteral, Lucas",ORL_FIR,Left,FourSeamFastBall,8,0.4678110614485723,89.78116048445852,12.5
"Litteral, Lucas",ORL_FIR,Left,Sinker,2,0.30198856178307426,94.38176155801247,0.0
"Litteral, Lucas",ORL_FIR,Left,Slider,18,0.81999509877526,75.2703434399157,5.56
"Manca, Payton",COT_KET,Left,ChangeUp,11,0.3430583795469939,94.93530997759581,0.0
"Manca, Payton",COT_KET,Left,Curveball,1,-0.0928363892099794,109.85643036457603,0.0
"Manca, Payton",COT_KET,Left,Fastball,41,0.13934885842671182,101.68245093012366,4.88
"Manca, Payton",COT_KET,Left,Slider,9,0.0755275695753263,103.16346073255691,22.22
"Marinaro, Louis",BOU_BRA,Left,ChangeUp,5,0.04760895761444055,105.7901334137392,40.0
"Marinaro, Louis",BOU_BRA,Left,Curveball,8,0.4281229159242103,93.80615695001964,12.5
"Marinaro, Louis",BOU_BRA,Left,Fastball,26,0.44488011077816747,90.10346552837608,0.0
"Marinaro, Louis",BOU_BRA,Left,Slider,1,0.7528410693665529,77.78641720472257,0.0
"Marsh, Carson",YAR_RED,Right,ChangeUp,1,0.1632277410205072,101.54229474285813,0.0
"Marsh, Carson",YAR_RED,Right,Fastball,14,0.22930997122218041,98.27311586614313,0.0
"Marsh, Carson",YAR_RED,Right,Slider,14,-0.08916408582572018,109.33399669422268,28.57
"Marshburn, Connor",CHA_ANG,Right,ChangeUp,1,0.8257925551792168,77.19963729018662,0.0
"Marshburn, Connor",CHA_ANG,Right,Cutter,1,0.0428622225373153,102.44685953653781,0.0
"Marshburn, Connor",CHA_ANG,Right,Fastball,17,0.5772035004964031,85.08869016230406,5.88
"Marshburn, Connor",CHA_ANG,Right,Sinker,2,0.6661636494947298,80.23525094987599,50.0
"Marshburn, Connor",CHA_ANG,Right,Slider,1,-0.062102494876403,108.32007452721292,0.0
"Marshburn, Connor",CHA_ANG,Right,Sweeper,14,0.06366738427203304,104.67017802145118,21.43
"Marsten, Duncan",BRE_WHI,Right,ChangeUp,2,1.1663389575020462,64.68794901254958,0.0
"Marsten, Duncan",BRE_WHI,Right,Fastball,2,1.7769447114220216,39.621046966174134,0.0
"Marsten, Duncan",BRE_WHI,Right,Sinker,13,1.4404346074797336,50.15842062759065,0.0
"Marsten, Duncan",BRE_WHI,Right,Slider,7,1.3933651413909447,53.78777069701385,0.0
"Mayfield, Carson",WAR_GAT,Right,ChangeUp,3,0.2512699747706599,98.30761959599073,33.33
"Mayfield, Carson",WAR_GAT,Right,Cutter,15,-0.1004890658369916,108.76769654401419,0.0
"Mayfield, Carson",WAR_GAT,Right,Fastball,1,0.0020711299071899,106.88498521190034,0.0
"Mayfield, Carson",WAR_GAT,Right,Sinker,12,0.040824652941404894,104.52676634158053,0.0
"McNellie, Luke",HAR_MAR,Right,ChangeUp,5,0.752332036792392,79.89857963842579,20.0
"McNellie, Luke",HAR_MAR,Right,Curveball,10,0.1317983915082104,102.93564094126941,40.0
"McNellie, Luke",HAR_MAR,Right,Fastball,24,-0.021987992128759033,107.79677482651124,12.5
"Murdock, Steele",ORL_FIR,Right,Fastball,12,-0.09016272205021146,110.3804522619722,16.67
"Murdock, Steele",ORL_FIR,Right,Slider,6,0.041449843276135684,104.44025787876875,16.67
"New, Cody",YAR_RED,Left,ChangeUp,1,1.0415569020447455,69.27244666066906,0.0
"New, Cody",YAR_RED,Left,Curveball,6,0.271122658731153,98.64318938090246,16.67
"New, Cody",YAR_RED,Left,Fastball,20,0.28834682642047854,96.03574447043451,10.0
"New, Cody",YAR_RED,Left,Slider,13,0.6293266177125395,82.4141584455315,0.0
"O'Rourke, Tommy",HYA_HAR,Right,ChangeUp,5,0.13097145613310376,102.72739192419104,20.0
"O'Rourke, Tommy",HYA_HAR,Right,Curveball,4,0.005853469357912005,106.81588727868078,25.0
"O'Rourke, Tommy",HYA_HAR,Right,Cutter,2,0.02857484169207615,103.07683786886149,0.0
"O'Rourke, Tommy",HYA_HAR,Right,Fastball,33,-0.056664283736441286,109.11093261306142,21.21
"O'Rourke, Tommy",HYA_HAR,Right,Sinker,1,0.2294397322166954,97.19994660608272,0.0
"O'Rourke, Tommy",HYA_HAR,Right,Slider,11,0.05452818780621669,103.9502488674111,27.27
"Ojeda, Ricky",YAR_RED,Left,Curveball,5,1.13423619627833,72.05146114241973,0.0
"Ojeda, Ricky",YAR_RED,Left,Fastball,25,-0.09552996364328109,110.58385931632588,28.0
"Ojeda, Ricky",YAR_RED,Left,Slider,1,-0.1068123168671511,109.99522657885618,0.0
"Oshinskie, Ryan",ORL_FIR,Right,ChangeUp,4,0.5561607134495737,87.10592180952335,0.0
"Oshinskie, Ryan",ORL_FIR,Right,Cutter,4,-0.06676252499695531,107.28058073296387,0.0
"Oshinskie, Ryan",ORL_FIR,Right,Fastball,11,-0.09293015229740866,110.48533198928659,0.0
"Oshinskie, Ryan",ORL_FIR,Right,Slider,9,-0.022060083901926056,106.81979731943255,11.11
"Pauley, Truman",ORL_FIR,Right,ChangeUp,8,-0.03987166748549569,109.00417503660636,37.5
"Pauley, Truman",ORL_FIR,Right,Fastball,43,-0.1014617452583581,110.80866123822004,18.6
"Pauley, Truman",ORL_FIR,Right,Slider,16,0.021554398512749404,105.18568457987791,0.0
"Peters, Mason",CHA_ANG,Left,ChangeUp,8,0.098841861353277,103.90783450596557,0.0
"Peters, Mason",CHA_ANG,Left,Curveball,10,-0.302539763726841,116.31719699985817,0.0
"Peters, Mason",CHA_ANG,Left,Cutter,5,-0.11176071552825846,109.26470121911579,0.0
"Peters, Mason",CHA_ANG,Left,Fastball,48,-0.03368784297482436,108.24017431872875,12.5
"Pettitte, Luke",ORL_FIR,Right,ChangeUp,12,0.2860412117105409,97.03012297687438,50.0
"Pettitte, Luke",ORL_FIR,Right,Curveball,3,0.11606151724097713,103.42047945397154,0.0
"Pettitte, Luke",ORL_FIR,Right,Cutter,2,-0.013235704905932247,104.92040448927057,0.0
"Pettitte, Luke",ORL_FIR,Right,FourSeamFastBall,12,0.34221666545362867,94.30480647293065,0.0
"Pettitte, Luke",ORL_FIR,Right,Slider,1,0.4369498569980097,89.62197791450885,0.0
"Petty, Zane",BOU_BRA,Right,Curveball,16,0.19051086833043013,101.12676393963932,0.0
"Petty, Zane",BOU_BRA,Right,Cutter,1,-0.2544410138001953,115.55595203229417,0.0
"Petty, Zane",BOU_BRA,Right,Fastball,38,0.054002398374691424,104.91690045837163,5.26
"Petty, Zane",BOU_BRA,Right,Slider,26,0.148739418503234,100.4204174039219,0.0
"Philpott, Alex",BRE_WHI,Right,ChangeUp,2,0.0025232788131291997,107.44658303440772,0.0
"Philpott, Alex",BRE_WHI,Right,Curveball,7,0.17296636042206928,101.66729396967786,28.57
"Philpott, Alex",BRE_WHI,Right,Cutter,6,-0.21734948166427123,113.92046251805574,0.0
"Philpott, Alex",BRE_WHI,Right,Fastball,16,-0.1070384049557636,111.02000479384587,6.25
"Philpott, Alex",BRE_WHI,Right,Slider,1,-0.1486270459593458,111.56190759230756,0.0
"Pitzer, Tyler",YAR_RED,Right,ChangeUp,6,0.08368594810362893,104.46466335762598,0.0
"Pitzer, Tyler",YAR_RED,Right,Cutter,9,0.13915043927308116,98.20119051863439,11.11
"Pitzer, Tyler",YAR_RED,Right,Fastball,8,-0.04415360644663621,108.63680452112406,25.0
"Pitzer, Tyler",YAR_RED,Right,Slider,9,0.2678546694782292,95.95750191537326,22.22
"Plog, Ethan",HYA_HAR,Left,Curveball,5,-0.054513429726006944,108.67573549702915,0.0
"Plog, Ethan",HYA_HAR,Left,Cutter,8,0.4783791416403972,83.24346422096247,12.5
"Plog, Ethan",HYA_HAR,Left,Fastball,32,0.04292479910785927,105.33671793763071,3.12
"Plog, Ethan",HYA_HAR,Left,Sinker,3,0.13178859174786042,100.99323983549982,0.0
"Plog, Ethan",HYA_HAR,Left,Slider,5,0.5923007811769443,83.80141304138394,20.0
"Powell, Daniel",WAR_GAT,Right,ChangeUp,16,0.04243406951709068,105.98025900691556,0.0
"Powell, Daniel",WAR_GAT,Right,Curveball,1,0.0950883252910268,104.06664406194598,0.0
"Powell, Daniel",WAR_GAT,Right,Fastball,41,0.191206526603688,99.71715547125137,14.63
"Powell, Daniel",WAR_GAT,Right,Slider,1,-0.0852375452430422,109.18688019453509,0.0
"Quinn, JT",CHA_ANG,Right,ChangeUp,6,0.310457724270085,96.13305934064654,0.0
"Quinn, JT",CHA_ANG,Right,Curveball,13,-0.23399173185493788,114.20529566182492,38.46
"Quinn, JT",CHA_ANG,Right,Cutter,2,-0.2773303569930946,116.56521960966487,0.0
"Quinn, JT",CHA_ANG,Right,Fastball,25,0.11095010231002826,102.7587034573925,16.0
"Quinn, JT",CHA_ANG,Right,Sinker,1,0.0922227417739733,102.53018932837315,0.0
"Quinn, JT",CHA_ANG,Right,Slider,29,-0.22193125472496877,114.30841138588626,48.28
"Reddemann, Logan",ORL_FIR,Right,ChangeUp,7,0.4972162713384792,89.27154294180626,14.29
"Reddemann, Logan",ORL_FIR,Right,Curveball,3,-0.0017073039345143666,107.04882769719899,0.0
"Reddemann, Logan",ORL_FIR,Right,Cutter,1,-0.0634747508923677,107.135611793597,0.0
"Reddemann, Logan",ORL_FIR,Right,FourSeamFastBall,17,-0.07471697256077511,109.32187920234509,17.65
"Reddemann, Logan",ORL_FIR,Right,Slider,1,0.610548320817904,83.11772873878661,0.0
"Reich, Ryan",HAR_MAR,Right,ChangeUp,1,0.0908899521298097,104.19998796504623,0.0
"Reich, Ryan",HAR_MAR,Right,Curveball,2,0.23216360217259313,99.84348180984176,0.0
"Reich, Ryan",HAR_MAR,Right,Fastball,25,0.47500988482965717,88.961611098706,16.0
"Reich, Ryan",HAR_MAR,Right,Slider,7,0.08423125110031848,102.83735811540812,0.0
"Reich, Ryan",HAR_MAR,Right,Splitter,5,0.3910016972587479,90.38641861759314,20.0
"Rhudy, Bo",YAR_RED,Right,Fastball,43,1.146626613851891,63.50876383327349,13.95
"Rhudy, Bo",YAR_RED,Right,Slider,9,0.8889347535635272,72.68736728353467,11.11
"Rodriguez, Freddy",HAR_MAR,Right,ChangeUp,11,0.012308222629227124,107.08708381196358,27.27
"Rodriguez, Freddy",HAR_MAR,Right,Curveball,1,0.2604693336700515,98.9714084535242,0.0
"Rodriguez, Freddy",HAR_MAR,Right,Cutter,1,0.0165263822414907,103.60809468030699,0.0
"Rodriguez, Freddy",HAR_MAR,Right,Fastball,7,-0.08805901554315924,110.30072625441242,28.57
"Rodriguez, Freddy",HAR_MAR,Right,Sinker,6,0.36351193027190565,91.99186446086492,0.0
"Rodriguez, Freddy",HAR_MAR,Right,Slider,8,0.46053201938540705,88.73842020959097,12.5
"Roman, Richie",HYA_HAR,Right,ChangeUp,2,0.1114038415033454,103.44630685887998,0.0
"Roman, Richie",HYA_HAR,Right,Curveball,11,0.1062191692870352,103.72371307345988,9.09
"Roman, Richie",HYA_HAR,Right,Cutter,1,0.5967585006629968,78.02372296912527,0.0
"Roman, Richie",HYA_HAR,Right,Fastball,28,0.32010830949677,94.8320517350832,14.29
"Roman, Richie",HYA_HAR,Right,Sinker,1,-0.1083642607131893,110.32206267250943,0.0
"Roman, Richie",HYA_HAR,Right,Slider,6,0.3266977620433142,93.75281572235211,33.33
"Roman, Richie",HYA_HAR,Right,Splitter,2,0.22414608295984378,96.77298593952466,0.0
"Roman, Richie",HYA_HAR,Right,Sweeper,1,-0.3974643177132458,120.60010858168003,0.0
"Rowan, Hudson",WAR_GAT,Left,ChangeUp,8,0.1945797604403021,100.39042031053617,0.0
"Rowan, Hudson",WAR_GAT,Left,Curveball,8,0.5596318328136757,89.75448909088735,0.0
"Rowan, Hudson",WAR_GAT,Left,Cutter,1,0.602927262692369,77.75172165146876,0.0
"Rowan, Hudson",WAR_GAT,Left,Fastball,62,0.591782762064011,84.53616712068276,12.9
"Rowan, Hudson",WAR_GAT,Left,Sinker,1,0.7704135708622174,76.1856257330895,0.0
"Rowan, Hudson",WAR_GAT,Left,Slider,3,0.2607185729908385,96.22487150306812,0.0
"Sabbath, Joe",FAL_COM,Right,Fastball,12,0.08333656629231372,103.80519781101087,41.67
"Sabbath, Joe",FAL_COM,Right,Slider,2,0.3434513446927731,93.12510581213544,50.0
"Saunier, Grayson",FAL_COM,Right,Cutter,4,-0.0531375597357661,106.67981051579197,25.0
"Saunier, Grayson",FAL_COM,Right,Sinker,20,0.35989846634934947,92.1322307501511,0.0
"Saunier, Grayson",FAL_COM,Right,Slider,19,0.08237459271962341,102.90692191497469,10.53
"Saunier, Grayson",FAL_COM,Right,Splitter,16,-0.0907260853198623,108.8250365041433,12.5
"Sauser, Matt",FAL_COM,Right,ChangeUp,6,0.31825648191737166,95.84653267652637,16.67
"Sauser, Matt",FAL_COM,Right,Fastball,40,0.009832912773927647,106.59083013017369,5.0
"Sauser, Matt",FAL_COM,Right,Slider,24,0.021737880285237512,105.17881003075343,12.5
"Schaefer, Derek",YAR_RED,Right,ChangeUp,6,0.5433305249610133,87.57730344156307,33.33
"Schaefer, Derek",YAR_RED,Right,Cutter,15,-0.14311922730628782,110.64740272109599,20.0
"Schaefer, Derek",YAR_RED,Right,Fastball,20,0.296582106427668,95.72364485296931,10.0
"Schaefer, Derek",YAR_RED,Right,Sinker,7,0.6000090296307159,82.80505065134402,0.0
"Schaefer, Derek",YAR_RED,Right,Slider,3,-0.20018770059973423,113.49374119304944,0.0
"Schmitt, Tyler",BRE_WHI,Right,ChangeUp,5,0.3718094173561478,93.87899571242357,20.0
"Schmitt, Tyler",BRE_WHI,Right,Curveball,8,0.17668967072614686,101.55258222962689,0.0
"Schmitt, Tyler",BRE_WHI,Right,Cutter,5,-0.08296900841229757,107.99517870619778,20.0
"Schmitt, Tyler",BRE_WHI,Right,Fastball,32,0.07300743358127623,104.19664999782755,9.38
"Schmitt, Tyler",BRE_WHI,Right,Sinker,10,-0.17436088723655158,112.8857250665532,0.0
"Schmitt, Tyler",BRE_WHI,Right,Slider,4,-0.12364827637046735,110.62602291951704,0.0
"Schulz, Jakob",FAL_COM,Left,Curveball,4,0.2479558373599459,99.3569376784941,0.0
"Schulz, Jakob",FAL_COM,Left,Fastball,13,0.5968488618286776,84.34417270188796,15.38
"Schulz, Jakob",FAL_COM,Left,Slider,5,-0.17465590621591212,112.53713622707478,0.0
"Scolari, Callan",ORL_FIR,Right,ChangeUp,5,0.28226062382050293,97.16902192533993,0.0
"Scolari, Callan",ORL_FIR,Right,Fastball,34,0.04320472871188717,105.32610920031298,11.76
"Scolari, Callan",ORL_FIR,Right,Slider,11,0.1829618792517981,99.13819746247145,9.09
"Scudder, Dylan",COT_KET,Right,Curveball,2,-0.08545270363528265,109.62894585453263,0.0
"Scudder, Dylan",COT_KET,Right,FourSeamFastBall,9,0.8084018900407359,77.51379518311686,0.0
"Scudder, Dylan",COT_KET,Right,Splitter,5,-0.25484151201614613,115.10672037535974,0.0
"Shadek, Justin",BRE_WHI,Right,Curveball,1,-0.139077903953109,111.28108858147705,0.0
"Shadek, Justin",BRE_WHI,Right,Fastball,25,-0.07204433499333694,109.69380388273066,20.0
"Sheerin, Deven",FAL_COM,Right,ChangeUp,1,0.2284001006058894,99.14785967648096,0.0
"Sheerin, Deven",FAL_COM,Right,Fastball,14,-0.15496029447761583,112.83614260275125,28.57
"Sheerin, Deven",FAL_COM,Right,Sinker,24,0.013464761484645246,105.58957104127204,33.33
"Sheerin, Deven",FAL_COM,Right,Slider,14,0.12602314072139909,101.27153283309568,14.29
"Shorey, Matthew",BOU_BRA,Left,ChangeUp,7,0.4166097271338632,92.233030560958,0.0
"Shorey, Matthew",BOU_BRA,Left,Fastball,18,-0.027971983667277725,108.02355539359047,0.0
"Shorey, Matthew",BOU_BRA,Left,Sinker,1,-0.0415055180832154,107.72491107214938,0.0
"Shorey, Matthew",BOU_BRA,Left,Slider,6,-0.00832789154777514,106.30529045782224,0.0
"Shurtleff, Thomas",HAR_MAR,Right,ChangeUp,1,-0.3250933968731352,119.48323264451422,0.0
"Shurtleff, Thomas",HAR_MAR,Right,Cutter,11,0.09215456158537277,100.27339570252963,9.09
"Shurtleff, Thomas",HAR_MAR,Right,Sinker,11,0.3043310305041618,94.29076752868355,0.0
"Shurtleff, Thomas",HAR_MAR,Right,Slider,7,-0.11269582663565773,110.21566524357767,14.29
"Shurtleff, Thomas",HAR_MAR,Right,Sweeper,1,0.0729770145237609,104.3485741004608,100.0
"Smith, Derrick",BOU_BRA,Right,Curveball,11,-0.054219185715291336,108.66667011173699,9.09
"Smith, Derrick",BOU_BRA,Right,Fastball,17,-0.050778066820374064,108.88785749646334,5.88
"Smith, Derrick",BOU_BRA,Right,Sinker,4,0.09268055304124706,102.5124054871178,0.0
"Smith, Derrick",BOU_BRA,Right,Slider,9,-0.15581295948749427,111.83114368526493,0.0
"Smith, Kaden",CHA_ANG,Right,ChangeUp,3,0.3418860704988996,94.97838065834522,0.0
"Smith, Kaden",CHA_ANG,Right,Curveball,8,0.11810848471725456,103.35741428296649,25.0
"Smith, Kaden",CHA_ANG,Right,Fastball,21,0.03035353610659382,105.81314209932577,33.33
"Smith, Kaden",CHA_ANG,Right,Slider,5,0.11559741731042963,101.66215554605046,20.0
"Speshyock, Ryan",HYA_HAR,Right,ChangeUp,2,-0.16098040707866124,113.45371491473071,0.0
"Speshyock, Ryan",HYA_HAR,Right,Fastball,25,0.23233929593826994,98.15831089481927,8.0
"Speshyock, Ryan",HYA_HAR,Right,Slider,12,-0.1872992288891877,113.01084618548408,0.0
"Stephens, Jordan",WAR_GAT,Right,Fastball,22,0.08589258068018533,103.70833029563873,13.64
"Stephens, Jordan",WAR_GAT,Right,Slider,15,-0.018105585637662232,106.67163332356668,6.67
"Stevens, Jonathan",BOU_BRA,Right,Curveball,11,0.5008850870200089,91.56442188777044,9.09
"Stevens, Jonathan",BOU_BRA,Right,Fastball,14,0.17265393068008633,100.42025944412023,0.0
"Stevens, Jonathan",BOU_BRA,Right,Slider,1,0.0374878102888223,104.5887041796453,0.0
"Stone, Duke",CHA_ANG,Right,ChangeUp,4,-0.15280128526984177,113.15321365628617,0.0
"Stone, Duke",CHA_ANG,Right,Fastball,7,0.05441713986614895,104.90118263691105,0.0
"Stone, Duke",CHA_ANG,Right,Slider,3,-0.11821744349550474,110.42254479261892,0.0
"Swift, Chase",COT_KET,Left,ChangeUp,14,0.3378972248564206,95.12493100486452,14.29
"Swift, Chase",COT_KET,Left,Curveball,4,0.26865616248840896,98.71917984442209,0.0
"Swift, Chase",COT_KET,Left,FourSeamFastBall,21,0.16875586422674194,100.55249970327793,14.29
"Swift, Chase",COT_KET,Left,Sinker,1,0.5497805378216292,84.75619425282657,0.0
"Swift, Chase",COT_KET,Left,Slider,2,0.45264364248233846,89.03397564159525,0.0
"Swink, Josh",CHA_ANG,Left,ChangeUp,3,0.6804816823333343,82.53836450033502,0.0
"Swink, Josh",CHA_ANG,Left,Cutter,5,0.6028720952971883,77.75415416614665,40.0
"Swink, Josh",CHA_ANG,Left,Fastball,1,0.4296594114829027,90.6802976972225,0.0
"Swink, Josh",CHA_ANG,Left,Sinker,15,0.25342740211944365,96.26813705020122,6.67
"Swink, Josh",CHA_ANG,Left,Slider,19,0.20281043960780606,98.39452738904974,10.53
"Tabor, Jacob",YAR_RED,Left,ChangeUp,2,0.14280634998998895,102.29257745624697,0.0
"Tabor, Jacob",YAR_RED,Left,Fastball,3,-0.11547088448146632,111.33957785413736,0.0
"Tabor, Jacob",YAR_RED,Left,Sinker,23,0.08255307467402502,102.905810980766,8.7
"Tabor, Jacob",YAR_RED,Left,Slider,14,0.009190620044210923,105.6489207983518,7.14
"Takemoto, Itsuki",ORL_FIR,Right,ChangeUp,1,0.1182426453467805,103.19504893544476,100.0
"Takemoto, Itsuki",ORL_FIR,Right,Curveball,7,0.6664861628869401,86.46240620398434,0.0
"Takemoto, Itsuki",ORL_FIR,Right,Cutter,14,0.05288015806135341,102.00513530568534,7.14
"Takemoto, Itsuki",ORL_FIR,Right,Fastball,8,0.03064745524462053,105.80200318838847,37.5
"Takemoto, Itsuki",ORL_FIR,Right,Slider,5,-0.06207724361734603,108.31912843312145,20.0
"Taylor, Nate",CHA_ANG,Right,ChangeUp,11,0.14595328546613462,102.17695892250586,27.27
"Taylor, Nate",CHA_ANG,Right,Curveball,3,0.27873931434030724,98.40852727999237,0.0
"Taylor, Nate",CHA_ANG,Right,Fastball,40,0.10879322336279502,102.84044458747704,32.5
"Taylor, Nate",CHA_ANG,Right,Slider,5,0.035507064270473836,104.66291719612987,40.0
"Tomii, Tsubasa",HYA_HAR,Right,Curveball,4,0.9284998694757753,78.39000671391491,0.0
"Tomii, Tsubasa",HYA_HAR,Right,Fastball,3,0.6060647712700105,83.99490931209151,0.0
"Tomii, Tsubasa",HYA_HAR,Right,Slider,22,1.011172857934725,68.10744720761117,9.09
"Tomii, Tsubasa",HYA_HAR,Right,Splitter,1,0.6003100490921561,82.37492984843536,0.0
"Tozzi, Roman",ORL_FIR,Left,ChangeUp,1,0.2312632568947302,99.04266720129465,0.0
"Tozzi, Roman",ORL_FIR,Left,Curveball,5,0.8425104012994431,81.03926254138673,20.0
"Tozzi, Roman",ORL_FIR,Left,Fastball,9,0.47053122051567414,89.13134296185198,11.11
"Troy, Adam",HYA_HAR,Right,ChangeUp,11,0.12168941209074212,103.06841458907661,9.09
"Troy, Adam",HYA_HAR,Right,Fastball,11,0.08673557005157467,103.67638278928702,27.27
"Troy, Adam",HYA_HAR,Right,Slider,1,-0.0883115058808871,109.30205290692527,0.0
"Valentin, Alex",BOU_BRA,Left,ChangeUp,3,0.4733721561032414,90.14757667772147,33.33
"Valentin, Alex",BOU_BRA,Left,Curveball,25,0.25019104227222283,99.28807308652685,12.0
"Valentin, Alex",BOU_BRA,Left,Fastball,42,0.1799045082615103,100.14547795671622,11.9
"Valentin, Alex",BOU_BRA,Left,Sinker,10,0.34163457950807324,92.841697920378,30.0
"Valentin, Alex",BOU_BRA,Left,Slider,6,0.29822381960506644,94.81965475167486,0.0
"Vanesko, Jackson",FAL_COM,Left,ChangeUp,15,0.20794901371071348,99.89923341711072,13.33
"Vanesko, Jackson",FAL_COM,Left,Cutter,4,0.07709515412651752,100.93741526633048,0.0
"Vanesko, Jackson",FAL_COM,Left,Fastball,24,0.07448701317408528,104.14057707443918,0.0
"Vanesko, Jackson",FAL_COM,Left,Sinker,1,0.3989346679311192,90.61585563715848,0.0
"Vanesko, Jackson",FAL_COM,Left,Slider,4,0.17534006287933418,99.4237656165165,0.0
"Volchko, Joey",COT_KET,Right,ChangeUp,16,0.2028528054084288,100.08646831150742,12.5
"Volchko, Joey",COT_KET,Right,Curveball,1,-0.0956948755571926,109.9444976799544,0.0
"Volchko, Joey",COT_KET,Right,Cutter,26,-0.05352076504606096,106.69670731758735,3.85
"Volchko, Joey",COT_KET,Right,FourSeamFastBall,3,0.017681227394500922,105.99389037562581,0.0
"Volchko, Joey",COT_KET,Right,Sinker,3,0.11566806895525406,101.61944726810397,0.0
"Volchko, Joey",COT_KET,Right,Slider,9,0.0005910524368037396,105.97112255804062,0.0
"Walker, Charlie",COT_KET,Right,ChangeUp,1,0.343967520152878,94.90190811581199,0.0
"Walker, Charlie",COT_KET,Right,Curveball,3,0.5257508978943796,90.79832929805174,66.67
"Walker, Charlie",COT_KET,Right,Cutter,4,0.9471883083104745,62.572102535011304,0.0
"Walker, Charlie",COT_KET,Right,Fastball,8,1.3625616679625103,55.32528400910052,0.0
"Walker, Charlie",COT_KET,Right,FourSeamFastBall,12,1.0317118609163387,69.47063970683338,25.0
"Walker, Charlie",COT_KET,Right,Slider,21,0.17369165945147244,99.4855266851401,4.76
"Walker, Charlie",COT_KET,Right,Splitter,19,0.23259363737643662,96.44964725407533,15.79
"Walker, Charlie",COT_KET,Right,Sweeper,1,1.3890546986412926,58.88428259848901,0.0
"Watkins, Hunter",YAR_RED,Right,Curveball,13,-0.10648190478298727,110.27683605398578,23.08
"Watkins, Hunter",YAR_RED,Right,Cutter,14,0.36058247356458445,88.43751268313493,0.0
"Watkins, Hunter",YAR_RED,Right,Fastball,8,0.12309562790019432,102.29841383915301,12.5
"Watkins, Hunter",YAR_RED,Right,Sinker,11,0.2462281469002111,96.5477946757942,18.18
"Watkins, Hunter",YAR_RED,Right,Slider,9,0.7695604886497303,77.15998730034285,11.11
"Wendt, Shea",WAR_GAT,Right,ChangeUp,10,0.22241376402914614,99.36779791885365,20.0
"Wendt, Shea",WAR_GAT,Right,Curveball,6,0.01452454606595785,106.54873944085325,33.33
"Wendt, Shea",WAR_GAT,Right,Cutter,3,-0.026754282056478406,105.51648369937489,33.33
"Wendt, Shea",WAR_GAT,Right,Fastball,34,0.052915929373580875,104.9580753254482,14.71
"Wendt, Shea",WAR_GAT,Right,Sinker,2,0.17560993563639984,99.29098417029941,0.0
"Wendt, Shea",WAR_GAT,Right,Slider,13,0.1558066069560845,100.15562960766114,0.0
"Whelan, Will",BOU_BRA,Left,Curveball,2,-0.11364347465034905,110.49747738492236,0.0
"Whelan, Will",BOU_BRA,Left,Cutter,5,0.6128541487049352,77.31401209762512,0.0
"Whelan, Will",BOU_BRA,Left,Fastball,20,0.27454520460378273,96.5587966174932,20.0
"Whelan, Will",BOU_BRA,Left,Slider,16,0.006993775973893739,105.73123040477996,12.5
"Whysong, Nate",BOU_BRA,Right,Curveball,1,-0.082533183151747,109.53899813397493,0.0
"Whysong, Nate",BOU_BRA,Right,Cutter,3,-0.1279103921982846,109.97679439324993,0.0
"Whysong, Nate",BOU_BRA,Right,Fastball,11,0.07640537917623683,104.06787507828275,36.36
"Whysong, Nate",BOU_BRA,Right,Slider,1,0.3254321234346406,93.80023566315162,0.0
"Wilson, Harrison",HAR_MAR,Right,ChangeUp,1,-0.2911663774437008,118.23675261008995,100.0
"Wilson, Harrison",HAR_MAR,Right,Curveball,5,0.0350981426872278,105.91488599464765,0.0
"Wilson, Harrison",HAR_MAR,Right,Fastball,13,0.38561194032303653,92.34960328091873,7.69
"Wilson, Harrison",HAR_MAR,Right,Slider,3,0.023771243976783984,105.10262557713747,33.33
"Wimbish, Camden",BRE_WHI,Right,ChangeUp,3,-0.07211136515503834,110.18866280289963,0.0
"Wimbish, Camden",BRE_WHI,Right,Curveball,2,0.38985459924969806,94.98516832324492,50.0
"Wimbish, Camden",BRE_WHI,Right,Fastball,32,-0.0684219286217238,109.55652237658916,6.25
"Wimbish, Camden",BRE_WHI,Right,Splitter,7,0.05275587864073605,103.33311927877648,14.29
