Pitcher,PitcherTeam,PitcherThrows,TaggedPitchType,pitch_count,avg_xRV,xRV+,SwStr%
"Adelmann, Jonathan",COT_KET,Right,ChangeUp,1,0.148251189198986,102.09253384856191,0.0
"Adelmann, Jonathan",COT_KET,Right,Curveball,12,0.18532382448076615,101.28657195377768,25.0
"Adelmann, Jonathan",COT_KET,Right,Cutter,7,0.16425759524536643,97.09413216972214,0.0
"Adelmann, Jonathan",COT_KET,Right,Fastball,44,0.33431167946388884,94.29377418658645,6.82
"Adelmann, Jonathan",COT_KET,Right,Sinker,3,0.11298696038311423,101.72359588270491,0.0
"Adelmann, Jonathan",COT_KET,Right,Slider,41,0.1507627211753241,100.34460990858122,14.63
"Albanese, Tyler",COT_KET,Right,Curveball,42,0.20142990021816595,100.7903586859213,9.52
"Albanese, Tyler",COT_KET,Right,Fastball,185,0.08066907122653587,103.9062902072491,5.95
"Albanese, Tyler",COT_KET,Right,Slider,58,0.1612676117401149,99.95102102367046,3.45
"Albanese, Tyler",HYA_HAR,Right,Fastball,1,0.1612207735215466,100.85355181213741,0.0
"Alicea, Edwin",BRE_WHI,Left,ChangeUp,2,0.3746020185560224,93.77639543399377,0.0
"Alicea, Edwin",BRE_WHI,Left,Cutter,12,-0.13528259364209408,110.30185937341899,8.33
"Alicea, Edwin",BRE_WHI,Left,Sinker,80,0.28053260562577237,95.21522579438908,8.75
"Alicea, Edwin",BRE_WHI,Left,Slider,42,0.22787119913935897,97.4555707822955,14.29
"Applebey, Kaleb",CCW_ALL,Right,Curveball,1,0.2867449286159911,98.16188172301723,0.0
"Applebey, Kaleb",CCW_ALL,Right,Fastball,5,0.18706252604916024,99.87420428886469,0.0
"Applebey, Kaleb",WAR_GAT,Right,Curveball,33,0.13111032334692022,102.95683968368118,6.06
"Applebey, Kaleb",WAR_GAT,Right,Cutter,44,0.0824390216900949,100.70178630029905,13.64
"Applebey, Kaleb",WAR_GAT,Right,Fastball,83,0.1238384026108779,102.27026425554872,4.82
"Applebey, Kaleb",WAR_GAT,Right,Sinker,37,0.19304178904992897,98.61383763404534,18.92
"Arther, Adam",HAR_MAR,Left,ChangeUp,61,-0.0061459527315734916,107.76509094391473,19.67
"Arther, Adam",HAR_MAR,Left,Fastball,65,0.08869671574719319,103.60205953362824,4.62
"Arther, Adam",HAR_MAR,Left,Sinker,90,-0.08839838324954151,109.54648107214506,4.44
"Arther, Adam",HAR_MAR,Left,Slider,56,0.10502191482195695,102.0583900623585,17.86
"August, Tyler",CCW_ALL,Right,Cutter,2,-0.029261999557374952,105.6270573381871,0.0
"August, Tyler",CCW_ALL,Right,Fastball,3,0.006883560745205061,106.70260430653816,33.33
"August, Tyler",CCW_ALL,Right,Sinker,4,-0.18596322246843744,113.33642189886093,25.0
"August, Tyler",HYA_HAR,Right,Cutter,99,0.10579994515240916,99.67172517406864,10.1
"August, Tyler",HYA_HAR,Right,Fastball,178,0.11780921454413099,102.4987576750335,15.73
"August, Tyler",HYA_HAR,Right,Sinker,77,0.17210499038162302,99.42713501339854,10.39
"Bailey, Carson",BRE_WHI,Left,ChangeUp,2,0.2747632132054592,97.44447708758813,0.0
"Bailey, Carson",BRE_WHI,Left,Curveball,10,0.05165987235469288,105.40463445146365,0.0
"Bailey, Carson",BRE_WHI,Left,Fastball,32,0.11934501308170299,102.44055417306862,6.25
"Bailey, Carson",BRE_WHI,Left,Slider,1,0.1990802675463985,98.53428650915856,0.0
"Baisley, Logan",WAR_GAT,Right,ChangeUp,39,0.19159667489504814,100.50001899134197,20.51
"Baisley, Logan",WAR_GAT,Right,Fastball,118,0.1607762062083294,100.8703999688815,11.02
"Baisley, Logan",WAR_GAT,Right,Sinker,49,0.08047583487608526,102.98650209838706,2.04
"Baisley, Logan",WAR_GAT,Right,Slider,75,0.2730747646187957,95.76191954230313,16.0
"Baker, Jackson",BOU_BRA,Right,Curveball,2,-0.07476718235343055,109.299734846186,0.0
"Baker, Jackson",BOU_BRA,Right,Sinker,40,0.20496328598540337,98.15074285202091,15.0
"Baker, Jackson",BOU_BRA,Right,Slider,11,0.003264248875835263,105.87096535991499,18.18
"Ballard, Carson",YAR_RED,Right,Cutter,174,0.12030778748028799,99.0320259587728,18.97
"Ballard, Carson",YAR_RED,Right,Fastball,25,0.1774454625421348,100.23867056554997,8.0
"Ballard, Carson",YAR_RED,Right,Sinker,133,0.24173233438947275,96.72243610932826,3.76
"Barlow, Billy",BRE_WHI,Right,ChangeUp,22,0.4947276609608285,89.3629745854157,40.91
"Barlow, Billy",BRE_WHI,Right,Fastball,37,0.22083443290491073,98.59432076316207,13.51
"Barlow, Billy",BRE_WHI,Right,Sinker,115,0.36820875814392634,91.8094145142372,4.35
"Barlow, Billy",BRE_WHI,Right,Slider,46,0.08484126456097628,102.81450261622133,17.39
"Barr, Preston",CHA_ANG,Right,ChangeUp,13,0.41530839425865296,92.28084158221388,7.69
"Barr, Preston",CHA_ANG,Right,Curveball,15,0.10406058600448401,103.79021702402106,6.67
"Barr, Preston",CHA_ANG,Right,Fastball,31,0.4660353677175025,89.30172623203396,12.9
"Barr, Preston",CHA_ANG,Right,Other,12,0.3230101960030622,97.65387258555056,0.0
"Barr, Preston",CHA_ANG,Right,Slider,10,0.18486756781617603,99.06679663897742,20.0
"Barrett, Easton",FAL_COM,Left,ChangeUp,45,0.17070292606140722,101.2676561490822,22.22
"Barrett, Easton",FAL_COM,Left,Curveball,67,0.4086680804117992,94.40554240322504,19.4
"Barrett, Easton",FAL_COM,Left,Fastball,191,0.004225095712449547,106.80335448370802,11.52
"Barrett, Easton",FAL_COM,Left,Slider,38,-0.03147497294991868,107.17254689441413,10.53
"Bates, Zach",BRE_WHI,Left,ChangeUp,18,0.013009205301272603,107.0613296808941,11.11
"Bates, Zach",BRE_WHI,Left,Fastball,102,-0.02938625247273957,108.07715317688286,5.88
"Bates, Zach",BRE_WHI,Left,Sinker,51,0.14290415612050525,100.56145179008155,7.84
"Bates, Zach",BRE_WHI,Left,Slider,56,0.4587956734001485,88.80347624001243,25.0
"Bauer, Douglas",BRE_WHI,Right,ChangeUp,52,0.09325920225892197,104.11294162168448,15.38
"Bauer, Douglas",BRE_WHI,Right,Fastball,63,0.01699090338524138,106.31955749224757,12.7
"Bauer, Douglas",BRE_WHI,Right,Slider,10,0.11085683312389535,101.8397719840605,10.0
"Baumler, Trever",CCW_ALL,Right,ChangeUp,4,0.29586723582367636,96.66911446269384,25.0
"Baumler, Trever",CCW_ALL,Right,Curveball,3,0.06746596754398117,104.91766330630054,0.0
"Baumler, Trever",CCW_ALL,Right,Fastball,12,0.4354121696557695,90.46228038347556,0.0
"Baumler, Trever",CCW_ALL,Right,Slider,1,-0.176125471009749,112.59219671199301,100.0
"Baumler, Trever",FAL_COM,Right,ChangeUp,28,0.08658229757943162,104.3582513634391,3.57
"Baumler, Trever",FAL_COM,Right,Curveball,37,0.09356438714832635,104.11359518387846,13.51
"Baumler, Trever",FAL_COM,Right,Fastball,166,0.2502545374437092,97.47936130042018,11.45
"Baumler, Trever",FAL_COM,Right,Slider,36,0.15768572664451008,100.08522424568048,13.89
"Bayer, Ty",YAR_RED,Right,ChangeUp,2,0.2686914528163123,97.66755380420395,0.0
"Bayer, Ty",YAR_RED,Right,Curveball,8,0.010355792849780231,106.67717486423095,25.0
"Bayer, Ty",YAR_RED,Right,Cutter,5,0.15247013423813865,97.61388068822953,0.0
"Bayer, Ty",YAR_RED,Right,Fastball,68,0.12616801059379895,102.18197706195254,7.35
"Bayer, Ty",YAR_RED,Right,Sinker,29,0.24016472185262702,96.7833305750131,3.45
"Bayer, Ty",YAR_RED,Right,Slider,72,0.03418075416199258,104.7126103284308,6.94
"Bayles, Max",BOU_BRA,Right,Curveball,1,-0.3893536498466972,118.99185238017611,0.0
"Bayles, Max",BOU_BRA,Right,Fastball,29,0.4570194445395535,89.64341056729357,6.9
"Bayles, Max",BOU_BRA,Right,Slider,29,0.056502414739581154,103.87628010281797,24.14
"Bean, Jake",ORL_FIR,Right,ChangeUp,23,0.0982067341811,103.93116910336767,17.39
"Bean, Jake",ORL_FIR,Right,Curveball,40,0.03133925193574504,106.03069393531052,7.5
"Bean, Jake",ORL_FIR,Right,Fastball,68,0.05680378729405709,104.81073376952293,5.88
"Beard, Trey",HYA_HAR,Left,ChangeUp,17,0.2759246503055675,97.4018058426373,11.76
"Beard, Trey",HYA_HAR,Left,Curveball,8,-0.2800492703247248,115.62428574023635,0.0
"Beard, Trey",HYA_HAR,Left,Fastball,28,0.2111537570721118,98.96119781185787,7.14
"Beard, Trey",HYA_HAR,Left,Slider,4,-0.03965691305750969,107.47910131908819,25.0
"Bentley, Noah",YAR_RED,Right,ChangeUp,14,0.05891028527977539,105.37492218875595,42.86
"Bentley, Noah",YAR_RED,Right,Curveball,16,0.08884217212022591,104.25908225278457,6.25
"Bentley, Noah",YAR_RED,Right,Fastball,43,0.13584248867450918,101.81533489489456,11.63
"Bentley, Noah",YAR_RED,Right,Sinker,1,-0.3121396800378803,118.23779120097115,0.0
"Bentley, Noah",YAR_RED,Right,Slider,19,0.3614758667433613,92.44977735524336,5.26
"Berg, Jack",FAL_COM,Left,ChangeUp,22,0.26331670120309514,97.86502239085063,13.64
"Berg, Jack",FAL_COM,Left,Fastball,58,0.20217454974842008,99.3014906942393,5.17
"Berg, Jack",FAL_COM,Left,Sinker,11,0.2757587445479066,95.4006681232539,0.0
"Berg, Jack",FAL_COM,Left,Slider,34,0.17783034116094912,99.33046185043412,11.76
"Bevis, Logan",BOU_BRA,Right,ChangeUp,11,0.3355309667129454,95.21186742255576,9.09
"Bevis, Logan",BOU_BRA,Right,Curveball,23,-0.03237638783376101,107.99371375088045,13.04
"Bevis, Logan",BOU_BRA,Right,Fastball,149,-0.003121706240443222,107.08178267037424,8.72
"Bevis, Logan",BOU_BRA,Right,Slider,74,0.02393087987712533,105.09664446618544,17.57
"Bilka, Ryan",HAR_MAR,Right,ChangeUp,27,0.14202048912660978,102.32145001541991,44.44
"Bilka, Ryan",HAR_MAR,Right,Fastball,90,0.031138626620928405,105.78338883665765,8.89
"Bilka, Ryan",HAR_MAR,Right,Slider,19,0.04715565149371796,104.2264771944273,10.53
"Bixby, Mason",CHA_ANG,Right,Fastball,162,0.23598750890939296,98.02005137337919,14.81
"Bixby, Mason",CHA_ANG,Right,Slider,48,-0.1346913396818836,111.03977563287772,22.92
"Black, Gavin",WAR_GAT,Right,ChangeUp,4,-0.21463089533780053,115.42483597330833,0.0
"Black, Gavin",WAR_GAT,Right,Fastball,6,-0.20767608207533492,114.83395896470388,0.0
"Black, Gavin",WAR_GAT,Right,Slider,7,0.2598873822054011,96.25601389835253,14.29
"Blanco, Evan",HYA_HAR,Left,ChangeUp,62,0.30684622048891164,96.26574613227123,20.97
"Blanco, Evan",HYA_HAR,Left,Fastball,94,0.6643396036913363,81.78641696080945,6.38
"Blanco, Evan",HYA_HAR,Left,Slider,28,0.177928471585624,99.3267851777277,7.14
"Boaz, Folger",BOU_BRA,Left,ChangeUp,11,0.04045545559098333,106.05295336074337,0.0
"Boaz, Folger",BOU_BRA,Left,Fastball,172,0.12353444954435139,102.28178343106035,6.98
"Boaz, Folger",BOU_BRA,Left,Slider,71,0.310179298383817,94.3717163812482,12.68
"Borberg, Ryan",CHA_ANG,Right,ChangeUp,24,0.11618486241286614,103.27065196174767,0.0
"Borberg, Ryan",CHA_ANG,Right,Curveball,8,-0.054185973284629645,108.66564686752649,0.0
"Borberg, Ryan",CHA_ANG,Right,Cutter,6,0.5855964822382621,78.51589363558607,16.67
"Borberg, Ryan",CHA_ANG,Right,Fastball,67,0.1391233572075664,101.69099694728055,0.0
"Borberg, Ryan",CHA_ANG,Right,Sinker,6,0.09412318478432546,102.45636594475008,0.0
"Borberg, Ryan",CHA_ANG,Right,Slider,9,0.014366361411671092,105.45500023717689,0.0
"Bradley-Cooney, Packy",BOU_BRA,Right,Cutter,3,0.4454701922876931,84.69452969309548,66.67
"Bradley-Cooney, Packy",BOU_BRA,Right,Fastball,28,0.3353185996837587,94.25561404932759,3.57
"Bradley-Cooney, Packy",BOU_BRA,Right,Slider,54,0.09944104478588241,102.2674896622813,22.22
"Breedlove, Austin",CHA_ANG,Right,ChangeUp,9,0.21768679451917408,99.54146696543074,22.22
"Breedlove, Austin",CHA_ANG,Right,Curveball,42,-0.015422821160884084,107.47139007267779,9.52
"Breedlove, Austin",CHA_ANG,Right,Fastball,60,0.17346142236892378,100.38965722452691,0.0
"Breedlove, Austin",CHA_ANG,Right,Slider,8,-0.024453533258099642,106.90947317634668,12.5
"Brittain, Nathan",BRE_WHI,Right,Curveball,2,-0.005058620255364341,107.15207864735612,0.0
"Brittain, Nathan",BRE_WHI,Right,Cutter,22,0.25407628449050335,93.13372622302933,13.64
"Brittain, Nathan",BRE_WHI,Right,Fastball,12,0.16940521550863075,100.54337884763528,0.0
"Brittain, Nathan",BRE_WHI,Right,Sinker,167,0.3304722574856437,93.27530228330674,6.59
"Brittain, Nathan",BRE_WHI,Right,Slider,7,0.15535189096672805,100.17266654470471,42.86
"Brooks, Ryder",YAR_RED,Left,ChangeUp,17,0.2575424059500873,98.07717022661072,23.53
"Brooks, Ryder",YAR_RED,Left,Fastball,1,0.1556132541846303,101.06606488254333,0.0
"Brooks, Ryder",YAR_RED,Left,Sinker,43,0.23851081000511903,96.84757736806728,6.98
"Brooks, Ryder",YAR_RED,Left,Slider,39,-0.031101109534889232,107.15853927732161,17.95
"Brown, D.C.",ORL_FIR,Left,Fastball,3,0.07435955187778713,104.14540758679352,0.0
"Brown, D.C.",ORL_FIR,Left,Slider,3,0.5382950939696192,85.82485517775554,66.67
"Brown, DC",ORL_FIR,Left,Fastball,17,0.19110821973980727,99.720881092552,11.76
"Brown, DC",ORL_FIR,Left,Slider,3,0.23779316970605582,97.08382228026422,0.0
"Brown, Jack",BOU_BRA,Right,ChangeUp,12,0.31883022480361145,95.82545334021512,16.67
"Brown, Jack",BOU_BRA,Right,Curveball,1,0.0446920183958204,105.61930757477757,0.0
"Brown, Jack",BOU_BRA,Right,Cutter,19,0.18653072092243372,96.11203568040303,21.05
"Brown, Jack",BOU_BRA,Right,Fastball,3,0.20008602332486167,99.38064140888282,0.0
"Brown, Jack",BOU_BRA,Right,Sinker,59,0.260564513654189,95.99089341810064,5.08
"Brown, Jack",BOU_BRA,Right,Slider,13,0.261474345617964,96.19655481535759,7.69
"Buckler, Ryan",COT_KET,Right,ChangeUp,34,0.1435841169695575,102.26400226668505,8.82
"Buckler, Ryan",COT_KET,Right,Curveball,37,0.17544857181367196,101.59081933698522,5.41
"Buckler, Ryan",COT_KET,Right,Fastball,77,0.16696262944192125,100.63594767059945,1.3
"Buckler, Ryan",COT_KET,Right,Slider,27,0.1021559062314959,102.16577139282614,7.41
"Burns, Dane",CHA_ANG,Left,Fastball,144,0.370005276546096,92.94106268368813,9.03
"Burns, Dane",CHA_ANG,Left,Sinker,10,0.13572631828684925,100.84027744972605,0.0
"Burns, Dane",CHA_ANG,Left,Slider,80,-0.06568239876508483,108.45420351893765,23.75
"Butler, Josh",CCW_ALL,Right,Sinker,4,0.18803335545061725,98.8083920158072,0.0
"Butler, Josh",WAR_GAT,Right,ChangeUp,45,0.202247669093891,100.10870104361479,11.11
"Butler, Josh",WAR_GAT,Right,Sinker,191,0.2547166645521771,96.21805519315839,8.38
"Butler, Josh",WAR_GAT,Right,Slider,74,0.07089378664954064,103.33707562587064,10.81
"Butler, Tazwell",HAR_MAR,Right,Curveball,31,-0.1434002356481875,111.41425561546744,16.13
"Butler, Tazwell",HAR_MAR,Right,Fastball,126,0.06713828720439768,104.41907817725459,13.49
"Butler, Tazwell",HAR_MAR,Right,Slider,31,0.19043897897905318,98.85805143659275,35.48
"Calder, Ethan",CHA_ANG,Left,ChangeUp,23,0.24363186499406028,98.58824405099405,17.39
"Calder, Ethan",CHA_ANG,Left,Curveball,16,0.2314995909473,99.8639393803492,0.0
"Calder, Ethan",CHA_ANG,Left,Fastball,67,0.38139488921804093,92.50942055920815,2.99
"Calder, Ethan",CHA_ANG,Left,Slider,22,0.15881815237072153,100.04279541921392,13.64
"Campbell, Kayden",WAR_GAT,Left,ChangeUp,2,0.1404710790135219,102.3783754041979,0.0
"Campbell, Kayden",WAR_GAT,Left,Fastball,40,0.20788471499712494,99.08508756183483,17.5
"Campbell, Kayden",WAR_GAT,Left,Sinker,3,0.2630949048717617,95.89259947266066,0.0
"Campbell, Kayden",WAR_GAT,Left,Slider,26,0.004979046565922629,105.80671668387916,11.54
"Carey, Tate",CHA_ANG,Right,ChangeUp,25,0.0053069863658107485,107.34430950892724,12.0
"Carey, Tate",CHA_ANG,Right,Fastball,225,-0.016089769295097988,107.57324471114138,5.78
"Carey, Tate",CHA_ANG,Right,Slider,60,0.12586818678035927,101.27733852412028,3.33
"Carlon, Cole",COT_KET,Left,Curveball,8,-0.17909959246263946,112.5141197160773,25.0
"Carlon, Cole",COT_KET,Left,Fastball,32,0.16335041873942954,100.77284278254065,12.5
"Carlon, Cole",COT_KET,Left,Slider,30,-0.20199133781935238,113.5613184379217,30.0
"Carpentier, Dean",YAR_RED,Right,ChangeUp,3,0.473845192624621,90.13019729723449,33.33
"Carpentier, Dean",YAR_RED,Right,Curveball,1,0.6621770878062772,86.59516481396959,0.0
"Carpentier, Dean",YAR_RED,Right,Fastball,15,0.6772983512643024,81.29530795700872,6.67
"Carpentier, Dean",YAR_RED,Right,Slider,3,0.34184749538452636,93.18519756244014,0.0
"Carson, Chase",COT_KET,Left,ChangeUp,2,-0.08543725984130299,110.67825670023028,50.0
"Carson, Chase",COT_KET,Left,Curveball,18,0.007675942922059622,106.75973855706837,5.56
"Carson, Chase",COT_KET,Left,Cutter,6,0.008591717933475435,103.95796052643072,0.0
"Carson, Chase",COT_KET,Left,Fastball,34,0.04907018930383783,105.10382070430472,5.88
"Carson, Chase",COT_KET,Left,Sinker,2,0.3041877321896771,94.29633400259786,0.0
"Carson, Chase",COT_KET,Left,Slider,15,0.001257923508665389,105.94613676309736,13.33
"Carson, Estridge",FAL_COM,Right,ChangeUp,1,-0.4484884626022934,124.01677223521646,0.0
"Carson, Estridge",FAL_COM,Right,Curveball,1,0.7027242853888538,85.3459432318217,0.0
"Carson, Estridge",FAL_COM,Right,Cutter,16,0.14678929784074088,97.86436773540787,12.5
"Carson, Estridge",FAL_COM,Right,Fastball,22,0.36644641817156365,93.07593585573994,27.27
"Carson, Estridge",FAL_COM,Right,Sinker,1,-0.0556574111878615,108.27464638542429,0.0
"Carson, Estridge",FAL_COM,Right,Slider,5,0.6401530540522711,82.00852213925769,20.0
"Catalano, Michael",YAR_RED,Right,Curveball,102,0.049359877014032605,105.47549517648764,11.76
"Catalano, Michael",YAR_RED,Right,Fastball,239,-0.18091028896321962,113.8195922662855,11.3
"Catalano, Michael",YAR_RED,Right,Slider,30,0.08187168917473425,102.92576430502433,26.67
"Chabot, Henry",HYA_HAR,Right,Cutter,5,-0.011060872233256715,104.82450885416037,0.0
"Chabot, Henry",HYA_HAR,Right,Fastball,8,-0.08978145951210571,110.36600322172187,0.0
"Chabot, Henry",HYA_HAR,Right,Slider,7,0.0795240820458667,103.01372258182509,0.0
"Chase, Carson",COT_KET,Left,ChangeUp,2,0.0014918212050844502,107.48447882768414,0.0
"Chase, Carson",COT_KET,Left,Curveball,8,-0.19828527430431306,113.10521279411385,0.0
"Chase, Carson",COT_KET,Left,Cutter,2,-0.24490805276080302,115.13561194597918,0.0
"Chase, Carson",COT_KET,Left,Fastball,12,0.3105895546018416,95.19279232421418,0.0
"Chase, Carson",COT_KET,Left,Slider,8,0.16409712987060077,99.8450068887355,12.5
"Chmielewski, Tom",HAR_MAR,Left,Curveball,41,1.099464182254831,73.12275467101539,14.63
"Chmielewski, Tom",HAR_MAR,Left,Fastball,192,0.20704418767048138,99.11694176192098,11.98
"Chmielewski, Tom",HAR_MAR,Left,Slider,33,0.6423850979978418,81.92489369189875,12.12
"Coats, TJ",FAL_COM,Right,ChangeUp,33,-0.0018078914472977469,107.60571040091699,0.0
"Coats, TJ",FAL_COM,Right,Curveball,75,0.10124874773776192,103.8768471552686,21.33
"Coats, TJ",FAL_COM,Right,Fastball,200,0.125662454253459,102.20113657326112,8.5
"Coats, TJ",FAL_COM,Right,Slider,116,0.038274064443636985,104.55924543429795,15.52
"Collera, Lazaro",WAR_GAT,Right,ChangeUp,20,0.1931879467234539,100.44155560148909,0.0
"Collera, Lazaro",WAR_GAT,Right,Fastball,98,0.006025110716806898,106.7351377389463,8.16
"Collera, Lazaro",WAR_GAT,Right,Slider,61,0.13135692444061767,101.07169086677968,18.03
"Colucci, Joe",BOU_BRA,Right,ChangeUp,42,0.1682018217458268,101.35954682046486,4.76
"Colucci, Joe",BOU_BRA,Right,Curveball,1,0.2174083520598548,100.29807739202185,0.0
"Colucci, Joe",BOU_BRA,Right,Cutter,76,0.17268930657327908,96.72234986066701,11.84
"Colucci, Joe",BOU_BRA,Right,Fastball,10,0.1032019961542587,103.05234022082792,0.0
"Colucci, Joe",BOU_BRA,Right,Sinker,216,0.23840996647201557,96.85149467092226,4.63
"Colucci, Joe",BOU_BRA,Right,Slider,60,0.18257393636821406,99.15273259789406,10.0
"Consiglio, Cooper",WAR_GAT,Left,ChangeUp,39,0.1638306747284203,101.52014293460519,12.82
"Consiglio, Cooper",WAR_GAT,Left,Curveball,44,0.0318911541755931,106.01369033875245,9.09
"Consiglio, Cooper",WAR_GAT,Left,Fastball,253,0.10719562874515635,102.9009900295985,9.09
"Consiglio, Cooper",WAR_GAT,Left,Slider,68,-0.05484656435467084,108.04821509322602,10.29
"Copper, Eddie",HYA_HAR,Right,ChangeUp,53,0.2671110790656836,97.72561679824868,16.98
"Copper, Eddie",HYA_HAR,Right,Curveball,2,0.8748551510819959,80.04275077469191,0.0
"Copper, Eddie",HYA_HAR,Right,Cutter,9,0.48540154233853605,82.93382312378431,11.11
"Copper, Eddie",HYA_HAR,Right,Fastball,40,0.09934283749006129,103.19859413590814,5.0
"Copper, Eddie",HYA_HAR,Right,Sinker,125,0.07919846796712832,103.03612186958446,8.8
"Copper, Eddie",HYA_HAR,Right,Slider,70,0.3806553555122161,91.73117552392172,17.14
"Coppersmith, Zane",COT_KET,Left,ChangeUp,2,0.16072403459203422,101.63428101597128,0.0
"Coppersmith, Zane",COT_KET,Left,Cutter,4,0.09150258782437573,100.30214340283388,25.0
"Coppersmith, Zane",COT_KET,Left,Fastball,10,0.18774435222917324,99.84836452509538,10.0
"Coppersmith, Zane",COT_KET,Left,Sinker,1,0.0496802347253591,104.1827681223857,0.0
"Coppersmith, Zane",COT_KET,Right,ChangeUp,14,0.12011651770374683,103.12620279100592,35.71
"Coppersmith, Zane",COT_KET,Right,Cutter,51,-0.036133532394123466,105.93004616755289,9.8
"Coppersmith, Zane",COT_KET,Right,Fastball,54,0.1090788134297864,102.82962133063792,7.41
"Coppersmith, Zane",COT_KET,Right,Sinker,28,0.06132881082103251,103.73027504730308,21.43
"Crabtree, Thomas",HYA_HAR,Right,ChangeUp,23,0.21071066489927415,99.79777024331953,8.7
"Crabtree, Thomas",HYA_HAR,Right,Curveball,49,-0.23649691370498058,114.2824779930552,8.16
"Crabtree, Thomas",HYA_HAR,Right,Fastball,72,0.12277218211328335,102.3106717473574,19.44
"Crabtree, Thomas",HYA_HAR,Right,Sinker,52,0.09309587537427388,102.49627214360197,15.38
"Crabtree, Thomas",HYA_HAR,Right,Slider,49,-0.0680962674837563,108.54464443228588,14.29
"Crowl, Preston",COT_KET,Right,ChangeUp,10,0.12124528947720178,103.08473167144709,10.0
"Crowl, Preston",COT_KET,Right,Fastball,41,-0.07417164509962947,109.77442441655879,2.44
"Crowl, Preston",COT_KET,Right,Slider,19,0.2679289314223963,95.95471952791137,0.0
"Cullen, Jake",FAL_COM,Right,ChangeUp,12,0.0873540758932877,104.32989619769211,25.0
"Cullen, Jake",FAL_COM,Right,Curveball,19,-0.08288794312141971,109.549927959882,15.79
"Cullen, Jake",FAL_COM,Right,Cutter,7,0.06178806473516886,101.6123559536367,28.57
"Cullen, Jake",FAL_COM,Right,Fastball,32,0.10277279917270864,103.06860587465412,15.62
"Cullen, Jake",FAL_COM,Right,Sinker,2,0.212031062866617,97.87619254915893,0.0
"Cullen, Jake",FAL_COM,Right,Slider,5,-0.08886466014125588,109.32277805081699,0.0
"Dallas, Matthew",FAL_COM,Left,ChangeUp,19,0.05703123944620251,105.44395840692974,10.53
"Dallas, Matthew",FAL_COM,Left,Curveball,22,0.3236718122114716,97.02419865984152,9.09
"Dallas, Matthew",FAL_COM,Left,Cutter,3,-0.10236128491286363,108.8502489351024,0.0
"Dallas, Matthew",FAL_COM,Left,Fastball,49,0.03313993381696937,105.70754354545086,4.08
"Dallas, Matthew",FAL_COM,Left,Sinker,46,0.16211654157595343,99.815139854356,6.52
"Dallas, Matthew",FAL_COM,Left,Slider,61,0.1577853741134154,100.08149073356736,14.75
"Davenport, Mason",COT_KET,Right,ChangeUp,2,0.3128708749393635,96.0444000897044,0.0
"Davenport, Mason",COT_KET,Right,Cutter,4,0.31598415331127483,90.40400155341513,0.0
"Davenport, Mason",COT_KET,Right,Fastball,42,0.7057714086018001,80.21623957131453,7.14
"Davenport, Mason",COT_KET,Right,Slider,12,0.14383500968140436,100.60417189307388,16.67
"Davis, Chase",BRE_WHI,Left,ChangeUp,2,0.3215566727847834,95.72528353365445,50.0
"Davis, Chase",BRE_WHI,Left,Curveball,16,0.36099086238928413,95.87443330768765,6.25
"Davis, Chase",BRE_WHI,Left,Fastball,36,-0.08157984930172728,110.0551796180286,8.33
"Davis, Gabe",CHA_ANG,Right,Fastball,53,1.1118208179962812,64.8278295557048,9.43
"Davis, Gabe",CHA_ANG,Right,Sinker,47,0.17468327163328637,99.32698076257758,8.51
"Davis, Gabe",CHA_ANG,Right,Slider,30,-0.016856543600831157,106.62483520992133,16.67
"Davis, Lance",BRE_WHI,Right,ChangeUp,31,0.19057265758691994,100.53764142770545,16.13
"Davis, Lance",BRE_WHI,Right,Curveball,29,0.018185285016059607,106.43595546623298,13.79
"Davis, Lance",BRE_WHI,Right,Fastball,14,0.1392721513091943,101.68535796692302,7.14
"Davis, Lance",BRE_WHI,Right,Sinker,153,0.1060242232981947,101.9940658773781,11.11
"Davis, Lance",BRE_WHI,Right,Slider,94,-0.054192778538055215,108.02371956621931,11.7
"Davis, Lance",CCE_ALL,Right,Fastball,2,0.14021172975948432,101.64974993967223,0.0
"Davis, Lance",CCE_ALL,Right,Sinker,4,0.05786106069771718,103.86498103231183,25.0
"Davis, Lance",CCE_ALL,Right,Slider,7,0.0010233694672305044,105.95492484737585,14.29
"DeCremer, James",BRE_WHI,Right,ChangeUp,13,0.8299935490421381,77.0452926096655,46.15
"DeCremer, James",BRE_WHI,Right,Fastball,97,0.05082158826952697,105.03744640412995,7.22
"DeCremer, James",BRE_WHI,Right,Slider,33,0.0933673410027543,102.49505436507715,6.06
"DeTienne, Jack",BRE_WHI,Right,ChangeUp,1,0.2498630236558398,98.35931103554326,0.0
"DeTienne, Jack",BRE_WHI,Right,Fastball,19,0.12916915741513782,102.06823997297936,10.53
"DeTienne, Jack",BRE_WHI,Right,Slider,14,-0.2182806310177205,114.1716327202445,21.43
"Dempsey, Evan",HAR_MAR,Right,Curveball,23,0.09111256238549703,104.18913363269809,21.74
"Dempsey, Evan",HAR_MAR,Right,Fastball,33,0.2156540894105416,98.79064477661632,21.21
"Dempsey, Evan",HAR_MAR,Right,Slider,14,0.6102472328522676,83.12900966322118,21.43
"Desch, Dominic",CCE_ALL,Right,ChangeUp,1,-0.1415517837530616,112.73990652604866,0.0
"Desch, Dominic",CCE_ALL,Right,Fastball,1,0.5868719676843286,84.72227579531327,0.0
"Desch, Dominic",YAR_RED,Right,ChangeUp,11,0.01563566965263479,106.96483327684336,27.27
"Desch, Dominic",YAR_RED,Right,Fastball,113,0.14118386433118704,101.61290810458122,8.85
"Desch, Dominic",YAR_RED,Right,Sinker,8,-0.24199136655698666,115.51285505271363,0.0
"Desch, Dominic",YAR_RED,Right,Slider,50,0.018513330281119823,105.29962490575207,14.0
"Deverman, Kenton",COT_KET,Left,Fastball,178,0.09606412389094197,103.3228504161038,10.67
"Deverman, Kenton",COT_KET,Left,Slider,44,0.1293050511538717,101.14856882318745,6.82
"Diaz, Chris",HYA_HAR,Right,ChangeUp,1,0.3103959842545273,96.13532767125771,0.0
"Diaz, Chris",HYA_HAR,Right,Cutter,5,0.03859018236885791,102.63522805348971,40.0
"Diaz, Chris",HYA_HAR,Right,Fastball,45,0.09023291529863575,103.54384083408955,8.89
"Diaz, Chris",HYA_HAR,Right,Slider,28,0.09918650664441166,102.27702649492612,28.57
"Dietz, Hunter",HYA_HAR,Left,Cutter,26,-0.05746865256355122,106.87078286169232,11.54
"Dietz, Hunter",HYA_HAR,Left,Fastball,125,0.026395155670303733,105.96315630878426,8.8
"Dietz, Hunter",HYA_HAR,Left,Slider,24,-0.12145330669314686,110.54378354135491,4.17
"Dilhoff, Parker",HAR_MAR,Left,ChangeUp,1,0.1481587697509996,102.09592934273277,0.0
"Dilhoff, Parker",HAR_MAR,Left,Fastball,11,0.044316720711091426,105.28396706582903,18.18
"Dilhoff, Parker",HAR_MAR,Left,Sinker,11,0.35481971620444025,92.32951660309753,36.36
"Dilhoff, Parker",HAR_MAR,Left,Slider,2,0.10852981320919056,101.92695891549448,0.0
"Donegan, Josh",HAR_MAR,Right,ChangeUp,20,0.2048658392413444,100.0125093689434,30.0
"Donegan, Josh",HAR_MAR,Right,Curveball,5,0.2637804294985596,98.86939665946352,20.0
"Donegan, Josh",HAR_MAR,Right,Cutter,6,0.6119372092790364,77.3544430189134,0.0
"Donegan, Josh",HAR_MAR,Right,Fastball,33,0.25775096510001266,97.19526261745551,15.15
"Donegan, Josh",HAR_MAR,Right,Sinker,1,0.1254455073085423,101.23963920310337,100.0
"Donegan, Josh",HAR_MAR,Right,Slider,37,0.2876902583836646,95.2143178459451,8.11
"Doran, Scott",HAR_MAR,Right,Curveball,58,-0.2875441327455803,115.85519550588154,12.07
"Doran, Scott",HAR_MAR,Right,Fastball,95,-0.055810620842445466,109.07858060287748,7.37
"Dorn, Jake",FAL_COM,Left,ChangeUp,8,-0.2594268687449361,117.07064180634745,25.0
"Dorn, Jake",FAL_COM,Left,Curveball,9,-0.49602521051157666,122.27830431098045,22.22
"Dorn, Jake",FAL_COM,Left,Cutter,4,-0.44737286531303155,124.06296163641464,0.0
"Dorn, Jake",FAL_COM,Left,Fastball,39,-0.11815722221784408,111.44138434756246,7.69
"Dorn, Jake",FAL_COM,Left,Slider,6,-0.42023187012768215,121.73818113094838,16.67
"Dorsey, Chandler",HYA_HAR,Right,Curveball,50,0.05371720156397945,105.3412500450669,18.0
"Dorsey, Chandler",HYA_HAR,Right,Cutter,44,0.04000259948044985,102.57294986645569,6.82
"Dorsey, Chandler",HYA_HAR,Right,Fastball,83,0.21922444023251142,98.6553360652209,10.84
"Dorsey, Chandler",HYA_HAR,Right,Slider,65,0.21516739560655315,97.93154678944794,18.46
"Downs, Chris",YAR_RED,Left,ChangeUp,73,0.5240704454301943,88.28491952456508,19.18
"Downs, Chris",YAR_RED,Left,Fastball,75,0.18169549304754226,100.07760343804549,6.67
"Downs, Chris",YAR_RED,Left,Sinker,36,0.12859415980523667,101.11732867871876,8.33
"Downs, Chris",YAR_RED,Left,Slider,46,0.1634531561882163,99.86913478250062,17.39
"Dressler, Troy",HAR_MAR,Right,ChangeUp,36,-0.0901184095773699,110.85024232650358,13.89
"Dressler, Troy",HAR_MAR,Right,Fastball,197,0.027568863918511533,105.9186752595714,13.71
"Dressler, Troy",HAR_MAR,Right,Slider,30,-0.08171518665076602,109.05490726420905,20.0
"Dudan, Jacob",BRE_WHI,Right,Fastball,44,0.5684663433107092,85.4198098586602,13.64
"Dudan, Jacob",BRE_WHI,Right,Sinker,80,0.9377987100330291,69.6834905601335,6.25
"Dudan, Jacob",BRE_WHI,Right,Slider,20,0.6369663284691681,82.12791983893236,10.0
"Duke, Tanner",HAR_MAR,Right,ChangeUp,6,0.5194666811151857,88.45406200741093,0.0
"Duke, Tanner",HAR_MAR,Right,Curveball,10,0.6184408600776207,87.94263745962166,10.0
"Duke, Tanner",HAR_MAR,Right,Cutter,8,0.17359581409389394,96.6823789169187,12.5
"Duke, Tanner",HAR_MAR,Right,Fastball,41,0.009501660193645936,106.60338389926228,7.32
"Duke, Tanner",HAR_MAR,Right,Sinker,11,0.29870905886614424,94.50915501343876,27.27
"Duke, Tanner",HAR_MAR,Right,Slider,7,0.07578200254222854,103.15392784050916,28.57
"Dye, Mitch",BRE_WHI,Right,ChangeUp,39,0.4050874036897319,92.65636117958664,30.77
"Dye, Mitch",BRE_WHI,Right,Fastball,22,-0.0025523949678925117,107.06020698257412,9.09
"Dye, Mitch",BRE_WHI,Right,Slider,7,0.11386273494082493,101.7271492454437,14.29
"Echeman, Kaden",FAL_COM,Right,Curveball,60,0.2436254717590724,99.49035222967696,16.67
"Echeman, Kaden",FAL_COM,Right,Cutter,92,-0.06904952311980679,107.3814221173343,8.7
"Echeman, Kaden",FAL_COM,Right,Fastball,113,0.0063621241389447475,106.72236564618954,12.39
"Echeman, Kaden",FAL_COM,Right,Slider,16,0.09826420241066437,102.3115826564273,25.0
"Edwards, Zach",HYA_HAR,Right,ChangeUp,21,-0.18285261225833266,114.25730059728667,4.76
"Edwards, Zach",HYA_HAR,Right,Cutter,23,-0.05541761464975066,106.7803457508975,17.39
"Edwards, Zach",HYA_HAR,Right,Fastball,49,-0.18568757351182644,114.00064120194293,8.16
"Edwards, Zach",HYA_HAR,Right,Slider,60,0.2969395816772301,94.86777155697231,25.0
"Egan, Ryan",COT_KET,Right,ChangeUp,14,0.22742723723853933,99.18360271503897,21.43
"Egan, Ryan",COT_KET,Right,Curveball,1,0.155478113035035,102.20609066519134,0.0
"Egan, Ryan",COT_KET,Right,Fastball,32,0.28368008593625055,96.21260402088882,6.25
"Egan, Ryan",COT_KET,Right,Sinker,1,-0.0385931723209709,107.6117799667818,0.0
"Egan, Ryan",COT_KET,Right,Slider,12,0.1801301756000494,99.2442934827789,0.0
"Evans, Rob",COT_KET,Left,ChangeUp,28,0.13969713629196961,102.40681009036918,17.86
"Evans, Rob",COT_KET,Left,Curveball,20,0.20912847541418525,100.55317271845539,10.0
"Evans, Rob",COT_KET,Left,Cutter,1,-0.0028445845133808,104.46222529136281,0.0
"Evans, Rob",COT_KET,Left,Fastball,30,0.17488081502786568,100.33586525807259,10.0
"Evans, Rob",COT_KET,Left,Sinker,74,0.22003233560629856,97.56538026817138,0.0
"Evans, Rob",COT_KET,Left,Slider,42,0.4242471202473511,90.09791395231623,21.43
"Faulkner, Jacob",WAR_GAT,Right,ChangeUp,6,0.3732708918886951,93.82530108034932,0.0
"Faulkner, Jacob",WAR_GAT,Right,Fastball,61,-0.2549737084462263,116.62643852635568,13.11
"Faulkner, Jacob",WAR_GAT,Right,Sinker,72,-0.06513264970126312,108.64271539032721,8.33
"Faulkner, Jacob",WAR_GAT,Right,Slider,52,-0.190368542807263,113.12584479827358,9.62
"Feser, Cohen",HAR_MAR,Right,ChangeUp,5,0.027101547895463964,106.54357645714094,20.0
"Feser, Cohen",HAR_MAR,Right,Curveball,18,0.4129729291066456,94.27291400427018,22.22
"Feser, Cohen",HAR_MAR,Right,Cutter,3,-0.08484026208164697,108.07768852928855,0.0
"Feser, Cohen",HAR_MAR,Right,Fastball,38,0.44513119501776677,90.09394996909185,2.63
"Feser, Cohen",HAR_MAR,Right,Slider,35,0.2111943844813778,98.08040441046275,8.57
"Fisher, Colin",BOU_BRA,Left,ChangeUp,25,0.13334746676452286,102.6400971997074,16.0
"Fisher, Colin",BOU_BRA,Left,Fastball,130,0.03490834661823277,105.64052445705157,7.69
"Fisher, Colin",BOU_BRA,Left,Sinker,37,0.20606099271049272,98.10810204446685,10.81
"Fisher, Colin",BOU_BRA,Left,Slider,126,0.44969236870418616,89.14455162030202,13.49
"Foley, Ethan",CCE_ALL,Right,ChangeUp,3,0.2983884234977006,96.57648592792837,33.33
"Foley, Ethan",CCE_ALL,Right,Cutter,7,0.2152223883197182,94.84692425275112,28.57
"Foley, Ethan",CCE_ALL,Right,Fastball,6,0.14307784945622706,101.54113009187324,16.67
"Foley, Ethan",ORL_FIR,Right,ChangeUp,65,-0.035036511164520424,108.82653120231814,15.38
"Foley, Ethan",ORL_FIR,Right,Cutter,58,0.11638268523147385,99.2050968242934,34.48
"Foley, Ethan",ORL_FIR,Right,Fastball,145,0.0008263336572154306,106.93216034536272,10.34
"Foster, Charlie",CHA_ANG,Left,ChangeUp,143,0.20500412070311402,100.00742890257395,11.89
"Foster, Charlie",CHA_ANG,Left,Fastball,170,0.36425152760751767,93.15911754535081,10.0
"Foster, Charlie",CHA_ANG,Left,Slider,72,0.2949529461670836,94.94220523625151,11.11
"Foster, Elijah",BRE_WHI,Right,ChangeUp,15,0.008035502443753324,107.24406372040947,20.0
"Foster, Elijah",BRE_WHI,Right,Fastball,28,0.0725660999091056,104.21337560644544,3.57
"Foster, Elijah",BRE_WHI,Right,Slider,11,0.24786378958619304,96.706504303981,36.36
"Fox, Brady",ORL_FIR,Left,Curveball,5,-0.029021442343942903,107.89035098939057,20.0
"Fox, Brady",ORL_FIR,Left,Cutter,2,0.25480288459423023,93.10168799806911,0.0
"Fox, Brady",ORL_FIR,Left,Fastball,11,0.2953989343879051,95.76848455977748,9.09
"Fox, Brady",ORL_FIR,Left,Slider,1,-0.1426227669547459,111.33694404189853,0.0
"Franco, Noah",BOU_BRA,Left,Curveball,9,0.13450601527160058,102.85222156229322,11.11
"Franco, Noah",BOU_BRA,Left,Fastball,55,-0.0756364669581658,109.82993805316916,3.64
"Franco, Noah",BOU_BRA,Left,Slider,18,0.06913266995817892,103.40305974540769,11.11
"Freeman, Caleb",CHA_ANG,Right,Cutter,1,-0.1240309094883981,109.80573504554121,0.0
"Freeman, Caleb",CHA_ANG,Right,Fastball,6,-0.0532798661187577,108.98267037511694,0.0
"Freeman, Caleb",CHA_ANG,Right,Sinker,11,-0.08682021361378876,109.48517651220412,18.18
"Freeman, Caleb",CHA_ANG,Right,Slider,11,0.17988081987156715,99.25363614489557,18.18
"Frize, Drake",YAR_RED,Right,Curveball,20,-0.027147048849783667,107.83260266284908,10.0
"Frize, Drake",YAR_RED,Right,Fastball,37,0.15309835115626233,101.16137436472613,21.62
"Frize, Drake",YAR_RED,Right,Slider,1,0.0236956562153867,105.1054576392649,0.0
"Galle, Patrick",WAR_GAT,Right,Cutter,22,0.007693668036948479,103.99755854528986,9.09
"Galle, Patrick",WAR_GAT,Right,Fastball,73,0.08973980394195154,103.56252870695539,10.96
"Galle, Patrick",WAR_GAT,Right,Slider,37,-0.023071250261027264,106.85768289637248,13.51
"Gambardella, Gianni",HAR_MAR,Right,ChangeUp,52,0.16431138808477155,101.50248150689801,17.31
"Gambardella, Gianni",HAR_MAR,Right,Curveball,2,0.25977324982147987,98.99285415183294,0.0
"Gambardella, Gianni",HAR_MAR,Right,Cutter,26,0.022267175657212528,103.35496392797205,7.69
"Gambardella, Gianni",HAR_MAR,Right,Fastball,173,0.15810232418827416,100.97173441711857,8.09
"Gambardella, Gianni",HAR_MAR,Right,Sinker,4,-0.12883499643852153,111.11725567133439,0.0
"Gambardella, Gianni",HAR_MAR,Right,Slider,37,0.07454471721417964,103.20028546314022,10.81
"Garber, Everett",FAL_COM,Right,ChangeUp,5,0.7299236124798248,80.72186603311242,0.0
"Garber, Everett",FAL_COM,Right,Cutter,24,0.3805328342977095,87.55783465676679,25.0
"Garber, Everett",FAL_COM,Right,Fastball,6,-0.0002623850406852322,106.97342047116844,0.0
"Garber, Everett",FAL_COM,Right,Sinker,61,0.23682864733174278,96.91292157448474,11.48
"Garber, Everett",FAL_COM,Right,Slider,7,0.021708279879637932,105.17991907520856,0.0
"Garcia, Santiago",HYA_HAR,Left,ChangeUp,19,0.19947690837352766,100.21049890196434,31.58
"Garcia, Santiago",HYA_HAR,Left,Curveball,56,0.10605859691786057,103.7286601593506,12.5
"Garcia, Santiago",HYA_HAR,Left,Fastball,97,0.44742394794513923,90.00705950380707,12.37
"Garcia, Santiago",HYA_HAR,Left,Slider,2,0.1422639282170838,100.66303592386335,0.0
"Garcia, Santiago",HYA_HAR,Right,Curveball,4,0.0067978749883129685,106.78679101639541,25.0
"Garcia, Santiago",HYA_HAR,Right,Fastball,3,0.20003545228858685,99.3825579437259,0.0
"Garewal, Sam",HYA_HAR,Left,ChangeUp,9,0.06389535487972636,105.1917705346745,22.22
"Garewal, Sam",HYA_HAR,Left,Curveball,4,-0.2781858074804106,115.56687417688707,50.0
"Garewal, Sam",HYA_HAR,Left,Cutter,6,-0.22838379618981786,114.40700229315071,33.33
"Garewal, Sam",HYA_HAR,Left,Fastball,43,0.13133261586042147,101.98624949389601,6.98
"Garewal, Sam",HYA_HAR,Left,Slider,8,-0.05450031323103405,108.03524203150673,0.0
"Gillen, Michael",FAL_COM,Right,ChangeUp,4,0.07710165675359862,104.70657048199674,0.0
"Gillen, Michael",FAL_COM,Right,Fastball,6,-0.009613202827338707,107.32779660065688,0.0
"Gillen, Michael",FAL_COM,Right,Sinker,18,0.1448208202573495,100.48699829103943,11.11
"Gillen, Michael",FAL_COM,Right,Slider,4,0.23113725853732225,97.33320066634158,0.0
"Girardi, Will",CHA_ANG,Left,ChangeUp,1,0.5650932902620881,86.77773858447115,0.0
"Girardi, Will",CHA_ANG,Left,Curveball,3,0.35980291408681464,95.91103289400677,0.0
"Girardi, Will",CHA_ANG,Left,Cutter,1,0.5222467820618159,81.30919346448096,0.0
"Girardi, Will",CHA_ANG,Left,Fastball,32,0.258743483028218,97.15764829645492,0.0
"Girardi, Will",CHA_ANG,Left,Slider,7,0.046845862939383594,104.23808410559946,0.0
"Glasscock, JJ",CHA_ANG,Right,ChangeUp,11,-0.12450455537726599,112.11359068192046,9.09
"Glasscock, JJ",CHA_ANG,Right,Curveball,40,-0.07500999289747488,109.30721561403377,25.0
"Glasscock, JJ",CHA_ANG,Right,Cutter,13,-0.004031003641614303,104.51453847261959,7.69
"Glasscock, JJ",CHA_ANG,Right,Fastball,120,-0.10708658560206277,111.02183073798695,9.17
"Glasscock, JJ",CHA_ANG,Right,Sinker,1,0.461300062466168,88.19324973922504,0.0
"Glasscock, JJ",CHA_ANG,Right,Slider,77,-0.001147875650265265,106.03627533259912,10.39
"Godard, Isaac",CHA_ANG,Right,Fastball,28,0.6485225746049693,82.38584876191169,0.0
"Godard, Isaac",CHA_ANG,Right,Slider,3,0.9689785057521796,69.68835163708921,0.0
"Gonzalez, Sebastian",ORL_FIR,Left,ChangeUp,65,0.34802399052247784,94.75287323414616,20.0
"Gonzalez, Sebastian",ORL_FIR,Left,Curveball,42,0.6358203719758909,87.40719080375108,9.52
"Gonzalez, Sebastian",ORL_FIR,Left,Fastball,167,0.3663827315118504,93.07834944484884,4.19
"Gonzalez, Sebastian",ORL_FIR,Left,Slider,13,0.3128874497113619,94.27024952116015,0.0
"Gosztola, Miles",ORL_FIR,Left,ChangeUp,10,0.034049989225628005,106.28829044811111,30.0
"Gosztola, Miles",ORL_FIR,Left,Fastball,89,0.3753500061237593,92.73850878689443,4.49
"Gosztola, Miles",ORL_FIR,Left,Slider,26,0.13213429933975787,101.04256480232206,3.85
"Graves, Griffin",HYA_HAR,Left,Fastball,111,0.3456302381850469,93.86482485589619,11.71
"Graves, Griffin",HYA_HAR,Left,Slider,69,0.06797030877918354,103.44661016961084,11.59
"Gray, Michael",HAR_MAR,Left,Curveball,1,1.0103159610995491,75.8693287505302,0.0
"Gray, Michael",HAR_MAR,Left,Sinker,12,0.25091859668035893,96.36559248841029,8.33
"Gray, Michael",HAR_MAR,Left,Slider,7,0.09347309758397707,102.49109196160245,0.0
"Greaney, Nick",COT_KET,Right,ChangeUp,2,0.10762922874314895,103.58498628083905,50.0
"Greaney, Nick",COT_KET,Right,Fastball,11,0.6898449505065067,80.81981849938707,18.18
"Greaney, Nick",COT_KET,Right,Sinker,14,0.5740644969677948,83.81287523606618,7.14
"Greaney, Nick",COT_KET,Right,Slider,5,-0.0341285705466169,107.27196977870263,20.0
"Gunther, Josh",BOU_BRA,Right,ChangeUp,10,-0.023081526737215717,108.3873046020716,10.0
"Gunther, Josh",BOU_BRA,Right,Curveball,7,0.15770296321630953,102.13754509289048,0.0
"Gunther, Josh",BOU_BRA,Right,Cutter,32,-0.0518508615460747,106.6230756958466,9.38
"Gunther, Josh",BOU_BRA,Right,Fastball,76,0.020185646190956762,106.19848352673664,11.84
"Guy, Colby",ORL_FIR,Right,ChangeUp,3,0.16566992576900097,101.45256877869838,33.33
"Guy, Colby",ORL_FIR,Right,Cutter,3,0.3406649522854137,89.31574270831511,0.0
"Guy, Colby",ORL_FIR,Right,Fastball,20,0.19846240491541092,99.44217309742974,0.0
"Guy, Colby",ORL_FIR,Right,Sinker,4,-0.017069380000496053,106.77568061055673,0.0
"Guy, Colby",ORL_FIR,Right,Slider,9,-0.0500191983834763,107.86734718432777,22.22
"Halvorson, Wyatt",COT_KET,Right,Curveball,63,-0.04686547049469164,108.44010896052959,9.52
"Halvorson, Wyatt",COT_KET,Right,Fastball,234,0.18435971821533484,99.97663496399443,8.55
"Halvorson, Wyatt",COT_KET,Right,Slider,65,0.012692597663070874,105.51771148612828,18.46
"Hamilton, Brady",CCE_ALL,Right,ChangeUp,2,0.37593940220646466,93.72725990583137,50.0
"Hamilton, Brady",CCE_ALL,Right,Sinker,5,0.03929776377119596,104.58607889362668,20.0
"Hamilton, Brady",CCE_ALL,Right,Slider,1,-0.117344617005776,110.38984242387991,0.0
"Hamilton, Brady",YAR_RED,Right,ChangeUp,36,0.0837926822518437,104.46074194080309,19.44
"Hamilton, Brady",YAR_RED,Right,Curveball,43,0.2583569802590452,99.03648810458465,16.28
"Hamilton, Brady",YAR_RED,Right,Fastball,28,0.17729054141441192,100.24454174718039,7.14
"Hamilton, Brady",YAR_RED,Right,Sinker,174,0.22183182109105917,97.49547861548197,6.32
"Hamilton, Brady",YAR_RED,Right,Slider,90,0.20606601534323907,98.27255006662561,11.11
"Hansen, Trevor",BRE_WHI,Right,ChangeUp,50,0.15446777315411656,101.8641363084093,16.0
"Hansen, Trevor",BRE_WHI,Right,Curveball,50,0.27583908982038,98.49788050979299,20.0
"Hansen, Trevor",BRE_WHI,Right,Fastball,90,0.03951765510911223,105.4658414571382,5.56
"Harrington, Cooper",HAR_MAR,Right,ChangeUp,16,0.09421712902495125,104.07774735444919,6.25
"Harrington, Cooper",HAR_MAR,Right,Curveball,20,0.06899595795020842,104.87052571973747,10.0
"Harrington, Cooper",HAR_MAR,Right,Cutter,14,-0.004425579839975874,104.53193665484143,14.29
"Harrington, Cooper",HAR_MAR,Right,Fastball,62,0.037006039515043755,105.56102635254477,12.9
"Harrington, Cooper",HAR_MAR,Right,Sinker,39,-0.025602664547091435,107.10715907911205,15.38
"Harris, Zach",YAR_RED,Right,ChangeUp,15,0.12102847411997285,103.09269747623888,6.67
"Harris, Zach",YAR_RED,Right,Cutter,3,0.23603720784091786,93.92912935166866,0.0
"Harris, Zach",YAR_RED,Right,Sinker,79,0.17193947835837503,99.43356438671829,8.86
"Harris, Zach",YAR_RED,Right,Slider,20,0.20240838226221142,98.4095913539094,5.0
"Hart, Edward",ORL_FIR,Left,ChangeUp,18,0.2286349688748034,99.13923060700051,11.11
"Hart, Edward",ORL_FIR,Left,Fastball,32,0.18865909068448353,99.81369788088489,6.25
"Hart, Edward",ORL_FIR,Left,Sinker,16,0.07772705532431419,103.09327941622311,6.25
"Hart, Edward",ORL_FIR,Left,Slider,57,0.15125275180509953,100.32624983067694,19.3
"Hartley, Tyler",BRE_WHI,Right,Curveball,5,0.000549637941527048,106.97929340952196,0.0
"Hartley, Tyler",BRE_WHI,Right,Fastball,13,0.09413511431177418,103.39595578121822,0.0
"Hartley, Tyler",BRE_WHI,Right,Slider,6,-0.05100830843713463,107.90440637315722,33.33
"Hartman, Colton",BOU_BRA,Left,ChangeUp,35,0.2066489806796042,99.94699668204296,14.29
"Hartman, Colton",BOU_BRA,Left,Fastball,85,0.42354895052709246,90.91187118654885,12.94
"Hartman, Colton",BOU_BRA,Left,Slider,18,-0.048998452463008935,107.82910268800141,11.11
"Haug, Max",COT_KET,Right,ChangeUp,59,0.1839138370372376,100.78228675781635,25.42
"Haug, Max",COT_KET,Right,Fastball,173,0.24113022225480918,97.8251534626298,8.67
"Haug, Max",COT_KET,Right,Slider,47,0.304611927572625,94.58031020294932,12.77
"Hays, James",COT_KET,Right,ChangeUp,28,-0.053039448013480726,109.48795981351411,14.29
"Hays, James",COT_KET,Right,Curveball,33,0.13273623334370335,102.90674690342246,12.12
"Hays, James",COT_KET,Right,Fastball,127,0.099136565302874,103.20641141360345,7.87
"Hays, James",COT_KET,Right,Slider,32,0.024027904921612796,105.09300920898474,28.12
"Heiberger, Matthew",HAR_MAR,Left,ChangeUp,35,0.08428951826020026,104.44248816622417,8.57
"Heiberger, Matthew",HAR_MAR,Left,Fastball,149,0.0631233230292864,104.57123679020944,5.37
"Heiberger, Matthew",HAR_MAR,Left,Sinker,54,0.08729528215338818,102.72159824717586,5.56
"Heiberger, Matthew",HAR_MAR,Left,Slider,96,0.16645946667265496,99.75649673225462,18.75
"Hendry, Clay",YAR_RED,Right,ChangeUp,5,0.16388753772496994,101.51805378586508,0.0
"Hendry, Clay",YAR_RED,Right,Curveball,14,0.24381975397394065,99.48436657467956,7.14
"Hendry, Clay",YAR_RED,Right,Cutter,3,1.0034340157452728,60.092041468958946,0.0
"Hendry, Clay",YAR_RED,Right,Fastball,5,0.7878306788469578,77.10636755352908,0.0
"Hendry, Clay",YAR_RED,Right,Sinker,32,0.327155278955602,93.40415149223273,9.38
"Hendry, Clay",YAR_RED,Right,Slider,26,0.5916260753044023,83.82669238440789,7.69
"Hoffberg, Erik",HYA_HAR,Right,Cutter,4,0.576304800216553,78.92559492429139,50.0
"Hoffberg, Erik",HYA_HAR,Right,Fastball,21,0.07562800315376125,104.09733597809786,14.29
"Hoffberg, Erik",HYA_HAR,Right,Slider,51,0.13888515735856383,100.78962902317951,15.69
"Holt, Quinn",BOU_BRA,Right,ChangeUp,3,0.29237163229742674,96.79754307437297,33.33
"Holt, Quinn",BOU_BRA,Right,Curveball,1,0.7616609775030727,83.53015836482699,0.0
"Holt, Quinn",BOU_BRA,Right,Fastball,10,0.6139382904431697,83.69651966172107,0.0
"Holt, Quinn",BOU_BRA,Right,Sinker,1,0.1546684055978316,100.10446534141064,0.0
"Humphrey, Kaden",FAL_COM,Right,ChangeUp,20,-0.35944342988502276,120.7452542146727,15.0
"Humphrey, Kaden",FAL_COM,Right,Curveball,13,0.3067231761549198,97.54637043032442,0.0
"Humphrey, Kaden",FAL_COM,Right,Fastball,50,0.08392305393388763,103.78297117531379,2.0
"Humphrey, Kaden",FAL_COM,Right,Slider,19,0.11768895763448531,101.58379137663682,26.32
"Jackson, Luke",CHA_ANG,Right,Fastball,115,0.2795127113824317,96.37053866342016,11.3
"Jackson, Luke",CHA_ANG,Right,Slider,67,0.008491176226970988,105.67512700301307,22.39
"Jasa, Carson",HYA_HAR,Right,ChangeUp,15,0.04712540562471009,105.8078991329489,13.33
"Jasa, Carson",HYA_HAR,Right,Curveball,100,-0.07439868084603204,109.28838165623598,13.0
"Jasa, Carson",HYA_HAR,Right,Fastball,271,-0.05061831863427437,108.8818033795749,6.27
"Jasa, Carson",HYA_HAR,Right,Slider,67,-0.15315492373026304,111.73155451550737,25.37
"Jenkins, Jerrod",HYA_HAR,Right,Curveball,15,-0.008477997351007101,107.25742648691224,6.67
"Jenkins, Jerrod",HYA_HAR,Right,Cutter,5,-0.17688235847287515,112.13613192183261,20.0
"Jenkins, Jerrod",HYA_HAR,Right,Fastball,25,0.04386565195886322,105.30106161330015,12.0
"Jenkins, Jerrod",HYA_HAR,Right,Sinker,24,0.307133433763083,94.1819071789004,8.33
"Jenkins, Jerrod",HYA_HAR,Right,Slider,1,0.1727862700870612,99.51944909376974,0.0
"Jenkins, Matthew",BRE_WHI,Right,ChangeUp,14,0.7597593392036003,79.62570025435674,7.14
"Jenkins, Matthew",BRE_WHI,Right,Fastball,86,0.12588586405671456,102.1926698163235,3.49
"Jenkins, Matthew",BRE_WHI,Right,Slider,16,0.1204949893861783,101.47865721066323,12.5
"Johnson, Cam",CHA_ANG,Left,ChangeUp,6,0.11639100536843049,103.26307826141475,0.0
"Johnson, Cam",CHA_ANG,Left,Fastball,75,0.05872352280722993,104.73797987180815,8.0
"Johnson, Cam",CHA_ANG,Left,Sinker,36,0.10462806502197906,102.04830014142188,13.89
"Johnson, Cam",CHA_ANG,Left,Slider,23,-0.033482192258128075,107.24775179106838,17.39
"Johnson, Kyle",ORL_FIR,Left,ChangeUp,15,-0.08898763487821428,110.80869761937535,0.0
"Johnson, Kyle",ORL_FIR,Left,Cutter,14,-0.013590585222273877,104.9360523474949,7.14
"Johnson, Kyle",ORL_FIR,Left,Fastball,59,0.13881183930758226,101.7028028139097,6.78
"Johnson, Kyle",ORL_FIR,Left,Slider,9,0.09088020563786207,102.5882403748554,0.0
"Johnson, Olin",HAR_MAR,Right,ChangeUp,32,-0.03673569866788559,108.88895941833319,9.38
"Johnson, Olin",HAR_MAR,Right,Fastball,132,0.29740062719700705,95.69262465465486,9.85
"Johnson, Olin",HAR_MAR,Right,Slider,73,0.09523643287721664,102.42502471725473,13.7
"Johnston, Zach",FAL_COM,Left,ChangeUp,8,-0.11494236588297942,111.76227546206152,0.0
"Johnston, Zach",FAL_COM,Left,Cutter,23,0.2564644249273845,93.02842513628168,4.35
"Johnston, Zach",FAL_COM,Left,Sinker,37,0.3429415316777698,92.79092889922084,5.41
"Johnston, Zach",FAL_COM,Left,Slider,22,-0.08733992197892469,109.2656503740086,31.82
"Jones, Eli",WAR_GAT,Left,Cutter,3,0.5249999240543803,81.18779824026784,33.33
"Jones, Eli",WAR_GAT,Left,Fastball,5,0.016429341000071217,106.3408395136775,0.0
"Jones, Eli",WAR_GAT,Left,Sinker,25,0.2907034224446025,94.8201368031978,16.0
"Jones, Eli",WAR_GAT,Left,Slider,18,0.05946493977568078,103.76528257092679,5.56
"Jones, Gavin",COT_KET,Right,ChangeUp,7,0.2227788039535221,99.35438633760795,28.57
"Jones, Gavin",COT_KET,Right,Cutter,2,0.4251999024824725,85.58831446061399,0.0
"Jones, Gavin",COT_KET,Right,Fastball,55,0.13512589326745653,101.84249233850585,3.64
"Jones, Gavin",COT_KET,Right,Sinker,2,0.8885635604154452,71.59604743143112,0.0
"Jones, Gavin",COT_KET,Right,Slider,7,-0.04024782210926785,107.50124102947647,14.29
"Jones, Gavyn",CHA_ANG,Left,ChangeUp,41,0.10465392857809842,103.69429892646852,9.76
"Jones, Gavyn",CHA_ANG,Left,Cutter,31,0.1751625359332103,96.61329691915866,19.35
"Jones, Gavyn",CHA_ANG,Left,Fastball,90,0.03861122538847306,105.50019321795548,7.78
"Jones, Gavyn",CHA_ANG,Left,Sinker,57,0.2569809582260482,96.13009790130015,10.53
"Kelley, Connor",HYA_HAR,Right,Curveball,10,0.08875265205533334,104.26184028302505,0.0
"Kelley, Connor",HYA_HAR,Right,Fastball,28,0.29191708042234915,95.90043942831517,7.14
"Kelley, Connor",HYA_HAR,Right,Sinker,6,0.5561624496579326,84.50828662119874,0.0
"Kelley, Connor",HYA_HAR,Right,Slider,8,0.2626392262710018,96.1529099935048,37.5
"Kelly, Owen",ORL_FIR,Right,ChangeUp,3,-0.04146752695447483,109.06280697655518,33.33
"Kelly, Owen",ORL_FIR,Right,Fastball,14,0.20527924354972196,99.18382939469795,14.29
"Kelly, Owen",ORL_FIR,Right,Sinker,68,0.4077402747552241,90.27379871302612,10.29
"Kelly, Owen",ORL_FIR,Right,Slider,33,-0.002876341927364203,106.10103613238216,24.24
"Kipp, Kyle",BRE_WHI,Right,ChangeUp,106,0.5460017887272232,87.47916110524065,29.25
"Kipp, Kyle",BRE_WHI,Right,Fastball,21,0.21286057811448003,98.8965129202768,14.29
"Kipp, Kyle",BRE_WHI,Right,Sinker,57,0.17097550600066116,99.47101023527986,1.75
"Kipp, Kyle",BRE_WHI,Right,Slider,8,0.2960567469598959,94.9008489060235,0.0
"Kipp, Kyle",CCE_ALL,Right,ChangeUp,1,0.5853621926067484,86.03305831142616,0.0
"Kipp, Kyle",CCE_ALL,Right,Fastball,1,0.5746165109500798,85.18673157037873,0.0
"Kipp, Kyle",CCE_ALL,Right,Sinker,3,0.215712908415048,97.7331699513319,0.0
"Kipp, Kyle",CCE_ALL,Right,Slider,1,0.1024112695822024,102.15620364189797,0.0
"Knier, Chris",BRE_WHI,Right,Curveball,27,0.48145074040232294,92.16317609711653,11.11
"Knier, Chris",BRE_WHI,Right,Fastball,80,0.18529012129211905,99.94137466390757,8.75
"Knier, Chris",BRE_WHI,Right,Slider,8,-0.016194123270414373,106.60001617181875,0.0
"Koch, Mason",ORL_FIR,Right,Cutter,44,-0.023698100970458543,105.38172646957155,25.0
"Koch, Mason",ORL_FIR,Right,Fastball,106,0.05557761131968632,104.85720323409632,16.04
"Koch, Mason",ORL_FIR,Right,Slider,79,0.14063428236475453,100.72409419856518,15.19
"Koenen, Drew",YAR_RED,Right,ChangeUp,16,-0.08540480495813454,110.67706430654025,31.25
"Koenen, Drew",YAR_RED,Right,Curveball,1,0.9436911541700916,77.9219773103527,0.0
"Koenen, Drew",YAR_RED,Right,Fastball,18,0.5303967373661423,86.86256704991263,5.56
"Koenen, Drew",YAR_RED,Right,Slider,5,0.4622348176102439,88.6746211199757,20.0
"Koenig, Nelson",ORL_FIR,Right,Curveball,3,0.8246613616238818,81.58917491296101,0.0
"Koenig, Nelson",ORL_FIR,Right,Fastball,10,0.47963656376326336,88.78626979591458,10.0
"Konstantinovsky, Zack",BOU_BRA,Right,ChangeUp,45,0.16703547907286423,101.4023982963562,20.0
"Konstantinovsky, Zack",BOU_BRA,Right,Cutter,56,0.18735193563505573,96.07582558138338,5.36
"Konstantinovsky, Zack",BOU_BRA,Right,Fastball,65,0.14881684879493606,101.32363420871197,23.08
"Konstantinovsky, Zack",BOU_BRA,Right,Sinker,64,0.024860081590661942,105.14691578504397,3.12
"Konstantinovsky, Zack",BOU_BRA,Right,Slider,44,-0.020738493039208494,106.77028100407857,13.64
"Krenzel, Brayden",ORL_FIR,Right,ChangeUp,26,0.18642379478590498,100.69007081095225,11.54
"Krenzel, Brayden",ORL_FIR,Right,Sinker,110,0.35484879897626886,92.32838687249797,8.18
"Krenzel, Brayden",ORL_FIR,Right,Slider,23,0.29359614603757594,94.99304074441088,17.39
"Kuhns, Tegan",BRE_WHI,Right,ChangeUp,8,0.14988456306165315,102.03252362830665,25.0
"Kuhns, Tegan",BRE_WHI,Right,Curveball,42,0.32559289817175374,96.965011781689,14.29
"Kuhns, Tegan",BRE_WHI,Right,Cutter,8,-0.0709294587525647,107.46431475718406,37.5
"Kuhns, Tegan",BRE_WHI,Right,Fastball,133,0.04984140165526962,105.07459339452822,15.04
"Kuhns, Tegan",BRE_WHI,Right,Slider,6,0.07164036799911769,103.30910330963728,0.0
"Landry, Joshua",YAR_RED,Left,ChangeUp,40,0.7916633700821059,78.45354489922966,32.5
"Landry, Joshua",YAR_RED,Left,Curveball,23,1.16496902778314,71.10461108408622,13.04
"Landry, Joshua",YAR_RED,Left,Cutter,1,0.4288135978331365,85.42897456513583,0.0
"Landry, Joshua",YAR_RED,Left,Fastball,35,0.7048499918644691,80.25115930822646,5.71
"Landry, Joshua",YAR_RED,Left,Sinker,1,0.3175402135023975,93.77765212426766,0.0
"Landry, Joshua",YAR_RED,Left,Slider,1,0.4776151473408462,88.09836315794446,0.0
"Langley, Brandon",COT_KET,Right,Fastball,21,0.8140966971289944,76.11094125946248,19.05
"Langley, Brandon",COT_KET,Right,Slider,4,-0.05744684305577641,108.14564026754012,0.0
"Langley, Christopher",CHA_ANG,Right,Curveball,24,0.2757830242283621,98.4996078387267,16.67
"Langley, Christopher",CHA_ANG,Right,Fastball,27,0.082490997008782,103.83724309055208,11.11
"Langley, Christopher",CHA_ANG,Right,Slider,5,0.16117234602587632,99.95459036368463,0.0
"Lanman, Brett",HYA_HAR,Left,Curveball,15,0.18639786302386038,101.25348182158397,20.0
"Lanman, Brett",HYA_HAR,Left,Cutter,37,0.13812917715431905,98.24622137582313,10.81
"Lanman, Brett",HYA_HAR,Left,Fastball,95,0.15147451550266414,101.22291428636473,9.47
"Leckszas, Kai",ORL_FIR,Right,ChangeUp,11,0.37234915650084466,93.85916567492023,9.09
"Leckszas, Kai",ORL_FIR,Right,Fastball,57,0.5596447942491385,85.75412782783224,12.28
"Leckszas, Kai",ORL_FIR,Right,Slider,20,0.3106735576742666,94.35319786724894,5.0
"Lee, Justin",YAR_RED,Right,ChangeUp,5,0.3348931387914705,95.23530124559377,0.0
"Lee, Justin",YAR_RED,Right,Curveball,64,-0.008888483250020826,107.2700731770607,4.69
"Lee, Justin",YAR_RED,Right,Fastball,94,0.06867238248050228,104.36093922528096,12.77
"Lee, Justin",YAR_RED,Right,Slider,1,0.2583964302384502,96.31187570086333,0.0
"Leffew, Haiden",BRE_WHI,Left,ChangeUp,42,-0.23946390649572727,116.3372017844982,14.29
"Leffew, Haiden",BRE_WHI,Left,Curveball,118,-0.1453175177026444,111.47332529880657,12.71
"Leffew, Haiden",BRE_WHI,Left,Fastball,130,0.08686245379446318,103.67157416497996,7.69
"Libbert, Wil",HYA_HAR,Left,ChangeUp,15,0.07325479632689484,104.84790428607806,20.0
"Libbert, Wil",HYA_HAR,Left,Fastball,86,0.009282383479365709,106.61169402090798,5.81
"Libbert, Wil",HYA_HAR,Left,Slider,47,0.3998013716554227,91.01382781831636,19.15
"Linn, Conner",FAL_COM,Left,ChangeUp,47,-0.004366189870923279,107.69970238608917,17.02
"Linn, Conner",FAL_COM,Left,Fastball,156,0.12746681907800184,102.13275497955505,16.03
"Linn, Conner",FAL_COM,Left,Slider,143,0.24581802828242835,96.78315326147145,21.68
"Litteral, Lucas",ORL_FIR,Left,Cutter,7,0.4130403932694745,86.12446782692055,14.29
"Litteral, Lucas",ORL_FIR,Left,Fastball,25,0.5648563573201646,85.55662065874472,8.0
"Litteral, Lucas",ORL_FIR,Left,Sinker,15,0.5004125194795567,86.67391245691132,6.67
"Litteral, Lucas",ORL_FIR,Left,Slider,15,0.8432315342793858,74.39973915489603,0.0
"Louck, Brady",BRE_WHI,Left,ChangeUp,16,0.26179693927106695,97.92085850428498,12.5
"Louck, Brady",BRE_WHI,Left,Curveball,8,0.3337674809644627,96.71316046128864,0.0
"Louck, Brady",BRE_WHI,Left,Cutter,7,0.4683758761437723,83.68454160131763,0.0
"Louck, Brady",BRE_WHI,Left,Fastball,86,0.44590810449716045,90.06450675026844,8.14
"Louck, Brady",BRE_WHI,Left,Slider,11,0.16342391212236185,99.87023047590161,9.09
"Magdaleno, Isaiah",ORL_FIR,Right,ChangeUp,69,0.20879493359496853,99.86815428713764,30.43
"Magdaleno, Isaiah",ORL_FIR,Right,Curveball,19,0.19048817885363797,101.1274629813928,5.26
"Magdaleno, Isaiah",ORL_FIR,Right,Fastball,63,0.23986849087844012,97.87297040140598,17.46
"Magdaleno, Isaiah",ORL_FIR,Right,Slider,20,0.1709826293064438,99.58702647206267,10.0
"Manca, Payton",CCW_ALL,Left,ChangeUp,2,0.5403930757360442,87.68522544215836,50.0
"Manca, Payton",CCW_ALL,Left,Curveball,2,-0.2172980276262037,113.69097810470996,0.0
"Manca, Payton",CCW_ALL,Left,Fastball,9,0.45677699744485634,89.65259879713453,0.0
"Manca, Payton",CCW_ALL,Left,Slider,2,0.038230772723037654,104.56086745405452,0.0
"Manca, Payton",COT_KET,Left,ChangeUp,57,0.10930311236658312,103.5234877303725,10.53
"Manca, Payton",COT_KET,Left,Curveball,35,-0.01019998246696889,107.31047925255939,5.71
"Manca, Payton",COT_KET,Left,Fastball,197,0.3924024637439509,92.09225686887135,8.12
"Manca, Payton",COT_KET,Left,Slider,78,0.01051182901375131,105.59941879146766,14.1
"Marcum, Reese",FAL_COM,Right,Cutter,1,0.2412589431410225,93.6988856049786,100.0
"Marcum, Reese",FAL_COM,Right,Fastball,10,-0.03743603026852791,108.38222265461187,10.0
"Marcum, Reese",FAL_COM,Right,Slider,5,0.2539215806293472,96.47953580707073,20.0
"Marinaro, Louis",BOU_BRA,Left,ChangeUp,6,0.1651476429064593,101.47175747170554,33.33
"Marinaro, Louis",BOU_BRA,Left,Curveball,16,0.27145247163381586,98.63302815101132,12.5
"Marinaro, Louis",BOU_BRA,Left,Fastball,33,0.374324089977688,92.77738882940187,6.06
"Marinaro, Louis",BOU_BRA,Left,Sinker,15,0.19213317223126752,98.64913317703456,6.67
"Marsh, Carson",YAR_RED,Right,Fastball,40,0.125384283815296,102.21167864192971,5.0
"Marsh, Carson",YAR_RED,Right,Slider,32,0.004891747796970554,105.80998752472362,21.88
"Marshburn, Connor",CHA_ANG,Right,ChangeUp,31,0.49656296911968684,89.29554529113918,3.23
"Marshburn, Connor",CHA_ANG,Right,Fastball,8,0.2553970654639384,97.28447041310167,0.0
"Marshburn, Connor",CHA_ANG,Right,Sinker,12,0.2088174359969567,98.0010270261351,25.0
"Marshburn, Connor",CHA_ANG,Right,Slider,24,-0.035146170021806124,107.31009638651972,16.67
"Marsten, Duncan",BRE_WHI,Right,ChangeUp,40,0.4289445236623459,91.77984964910635,5.0
"Marsten, Duncan",BRE_WHI,Right,Fastball,70,0.16248159286891206,100.80576943732295,10.0
"Marsten, Duncan",BRE_WHI,Right,Sinker,173,0.29904182107228816,94.49622874737048,5.2
"Marsten, Duncan",BRE_WHI,Right,Slider,55,0.039764447845743206,104.50340493432257,10.91
"Mauro, Dominic",BOU_BRA,Right,ChangeUp,10,-0.09275098371233115,110.94696320424518,10.0
"Mauro, Dominic",BOU_BRA,Right,Cutter,37,-0.06541479161680358,107.22115466765199,13.51
"Mauro, Dominic",BOU_BRA,Right,Fastball,102,0.009111031846743748,106.61818788376954,16.67
"Mauro, Dominic",BOU_BRA,Right,Slider,41,0.18453454137479716,99.07927420881975,31.71
"May, Ian",COT_KET,Left,ChangeUp,20,-0.1967850332132202,114.7691782936927,10.0
"May, Ian",COT_KET,Left,Curveball,15,0.18896213019547853,101.17447912635072,6.67
"May, Ian",COT_KET,Left,Fastball,61,0.290624465603408,95.9494267839569,4.92
"May, Ian",COT_KET,Left,Slider,15,0.22518435300901676,97.55623939619926,13.33
"Mayfield, Carson",WAR_GAT,Right,ChangeUp,43,0.03686924259926617,106.1847109677641,9.3
"Mayfield, Carson",WAR_GAT,Right,Fastball,25,0.08411685910470235,103.7756263710544,4.0
"Mayfield, Carson",WAR_GAT,Right,Sinker,14,0.3604052142993277,92.1125459460777,28.57
"Mayfield, Carson",WAR_GAT,Right,Slider,15,0.08028743264441959,102.98512196870804,13.33
"McCoy, Jake",HAR_MAR,Left,ChangeUp,7,0.041011919488806094,106.03250885514935,14.29
"McCoy, Jake",HAR_MAR,Left,Fastball,78,-0.050814558138966744,108.8892404399168,11.54
"McCoy, Jake",HAR_MAR,Left,Slider,59,0.10346650839222012,102.11666679341889,18.64
"McDonald, Caden",WAR_GAT,Right,ChangeUp,44,0.39194789185330037,93.1391073636497,15.91
"McDonald, Caden",WAR_GAT,Right,Fastball,190,-0.0018895026374921833,107.03508477148259,8.95
"McDonald, Caden",WAR_GAT,Right,Slider,92,0.2897779496061008,95.13609789160967,9.78
"McGuire, Tate",WAR_GAT,Right,ChangeUp,19,0.35980316042762994,94.32010606639064,10.53
"McGuire, Tate",WAR_GAT,Right,Curveball,12,0.34203832040056525,96.45834356290702,0.0
"McGuire, Tate",WAR_GAT,Right,Cutter,48,-0.08603458595960208,108.13035025735742,12.5
"McGuire, Tate",WAR_GAT,Right,Fastball,95,0.07094805716855475,104.27469598898585,4.21
"McGuire, Tate",WAR_GAT,Right,Slider,24,0.06644367883932419,103.50380872603507,12.5
"McNellie, Luke",HAR_MAR,Right,ChangeUp,11,0.4218096040189012,92.04198687873459,9.09
"McNellie, Luke",HAR_MAR,Right,Curveball,16,0.0915342273664703,104.17614252539418,43.75
"McNellie, Luke",HAR_MAR,Right,Cutter,19,0.1469677013564909,97.85650132864302,21.05
"McNellie, Luke",HAR_MAR,Right,Fastball,137,-0.012221868199893451,107.42665947649817,5.84
"McNellie, Luke",HAR_MAR,Right,Other,1,0.0020649414474043,109.5599289422663,0.0
"McNellie, Luke",HAR_MAR,Right,Sinker,1,0.2083811283557155,98.01797555140084,0.0
"McNellie, Luke",HAR_MAR,Right,Slider,38,-0.024528419467910238,106.91227895329722,23.68
"Meert, Grant",FAL_COM,Left,ChangeUp,5,0.12777125253792876,102.8449675307301,20.0
"Meert, Grant",FAL_COM,Left,Fastball,39,0.2767109004700872,96.4767213449063,10.26
"Meert, Grant",FAL_COM,Left,Slider,9,0.18259003372965676,99.15212947475811,22.22
"Melendy, Jackson",WAR_GAT,Right,ChangeUp,1,-0.2550661458290282,116.91042867410808,0.0
"Melendy, Jackson",WAR_GAT,Right,Curveball,1,0.3575932399652914,95.97911090597043,0.0
"Melendy, Jackson",WAR_GAT,Right,Fastball,1,0.2737060283744734,96.59059961386063,0.0
"Melendy, Jackson",WAR_GAT,Right,Sinker,27,0.23703202518212607,96.905021289663,0.0
"Melendy, Jackson",WAR_GAT,Right,Slider,3,0.5847176992941466,84.08552992237657,0.0
"Morello, Mason",ORL_FIR,Right,ChangeUp,5,0.12763963127948108,102.84980330096634,0.0
"Morello, Mason",ORL_FIR,Right,Sinker,18,0.0713379343508022,103.34146708934594,0.0
"Morello, Mason",ORL_FIR,Right,Slider,7,0.16851788892755806,99.67937340431646,0.0
"Moring, Reed",COT_KET,Right,ChangeUp,17,0.27255200095762744,97.52571711294695,23.53
"Moring, Reed",COT_KET,Right,Curveball,30,0.08867669304733182,104.26418050966983,3.33
"Moring, Reed",COT_KET,Right,Cutter,33,0.1396653606064747,98.17848591753199,21.21
"Moring, Reed",COT_KET,Right,Fastball,115,0.07123747494055938,104.2637276702582,5.22
"Morris, Billy",ORL_FIR,Right,ChangeUp,4,0.6287921900752161,84.43743848834865,25.0
"Morris, Billy",ORL_FIR,Right,Curveball,3,0.2195869737840366,100.23095607564379,0.0
"Morris, Billy",ORL_FIR,Right,Fastball,9,1.0731995771543492,66.29149253768902,22.22
"Morris, Billy",ORL_FIR,Right,Slider,12,0.26811086848725396,95.94790285466382,8.33
"Murdock, Steele",CCE_ALL,Right,Fastball,9,-0.18868342626915866,114.11417765713684,22.22
"Murdock, Steele",CCE_ALL,Right,Slider,3,-0.09636150636195447,109.60366392260721,0.0
"Murdock, Steele",ORL_FIR,Right,ChangeUp,10,0.05348711746688778,105.57416958849163,20.0
"Murdock, Steele",ORL_FIR,Right,Fastball,123,-0.005339004891858099,107.16581357889326,17.07
"Murdock, Steele",ORL_FIR,Right,Slider,66,0.08594384855217357,102.77319187614847,16.67
"Muscar, Tyler",HAR_MAR,Left,Fastball,7,-0.23669427469472945,115.93368681951122,0.0
"Muscar, Tyler",HAR_MAR,Left,Slider,3,0.35340810856212634,92.7520537023121,33.33
"NA, NA",202_CAP1,Undefined,Undefined,290,0.9265430632120999,73.27183367424234,0.0
"Nevills, EJ",HAR_MAR,Right,ChangeUp,2,0.26243170822368855,97.89753706788349,0.0
"Nevills, EJ",HAR_MAR,Right,Curveball,9,0.3913848913533117,94.93802144166497,0.0
"Nevills, EJ",HAR_MAR,Right,Cutter,6,0.07027415796134016,101.23817576508604,0.0
"Nevills, EJ",HAR_MAR,Right,Fastball,26,0.03175522394257398,105.76002110805005,11.54
"Nevills, EJ",HAR_MAR,Right,Sinker,6,0.18391828852625902,98.96824325182781,16.67
"Nevills, EJ",HAR_MAR,Right,Slider,10,0.1398612223075849,100.75305859795553,0.0
"New, Cody",YAR_RED,Left,ChangeUp,8,0.15082264445943522,101.99805848068493,37.5
"New, Cody",YAR_RED,Left,Curveball,37,0.4792493333915785,92.23099940705832,2.7
"New, Cody",YAR_RED,Left,Fastball,89,0.20938174732042425,99.02835321703698,5.62
"New, Cody",YAR_RED,Left,Slider,23,0.21101041463642647,98.08729724629812,8.7
"Nobe, Jack",YAR_RED,Right,ChangeUp,30,0.31128442564044,96.10268629963356,6.67
"Nobe, Jack",YAR_RED,Right,Fastball,123,0.16267943278415223,100.79827172482115,6.5
"Nobe, Jack",YAR_RED,Right,Slider,35,0.04322478515953461,104.37375576793193,8.57
"O'Connor, Griffin",WAR_GAT,Right,ChangeUp,3,0.10097345873122447,103.82951953407218,0.0
"O'Connor, Griffin",WAR_GAT,Right,Curveball,2,0.9691857981678234,77.13651095484731,0.0
"O'Connor, Griffin",WAR_GAT,Right,Cutter,30,0.2847417645309486,91.78158280464889,36.67
"O'Connor, Griffin",WAR_GAT,Right,Fastball,50,0.3251661766621887,94.64036931431077,12.0
"O'Connor, Griffin",WAR_GAT,Right,Sinker,2,0.3234470003034675,93.54820089336002,0.0
"O'Connor, Griffin",WAR_GAT,Right,Slider,7,0.4891563392817676,87.66594695726614,0.0
"O'Donnell, Landon",BRE_WHI,Right,Fastball,77,0.1025594943482558,103.07668967436186,6.49
"O'Donnell, Landon",BRE_WHI,Right,Slider,5,-0.033942796333815424,107.26500933824768,40.0
"O'Harran, Toran",FAL_COM,Right,ChangeUp,5,-0.19081919358778618,114.54999311012102,0.0
"O'Harran, Toran",FAL_COM,Right,Fastball,24,0.14336621062160937,101.53020181629195,4.17
"O'Harran, Toran",FAL_COM,Right,Sinker,21,0.2245129292679115,97.39133001623613,9.52
"O'Harran, Toran",FAL_COM,Right,Slider,11,-0.004792067705591974,106.1728130222219,0.0
"O'Rourke, Tommy",HYA_HAR,Right,ChangeUp,16,0.05910101835776759,105.36791464793393,25.0
"O'Rourke, Tommy",HYA_HAR,Right,Curveball,6,0.09849138856158692,103.96179883622254,16.67
"O'Rourke, Tommy",HYA_HAR,Right,Cutter,2,0.02857484169207615,103.07683786886149,0.0
"O'Rourke, Tommy",HYA_HAR,Right,Fastball,71,-0.04732149451220529,108.75686074903295,14.08
"O'Rourke, Tommy",HYA_HAR,Right,Sinker,1,0.2294397322166954,97.19994660608272,0.0
"O'Rourke, Tommy",HYA_HAR,Right,Slider,35,0.023195770248841154,105.12418696908912,17.14
"OConnor, Griffin",WAR_GAT,Right,ChangeUp,4,0.4326461833036288,91.64385052761884,0.0
"OConnor, Griffin",WAR_GAT,Right,Cutter,14,0.44250534071662756,84.8252598996014,14.29
"OConnor, Griffin",WAR_GAT,Right,Fastball,17,0.26665592833620927,96.857783428268,0.0
"OConnor, Griffin",WAR_GAT,Right,Slider,5,0.5256520532904527,86.29855457063385,0.0
"Ojeda, Ricky",YAR_RED,Left,ChangeUp,2,-0.07126639884326776,110.15761870721732,0.0
"Ojeda, Ricky",YAR_RED,Left,Curveball,17,0.20130289712848454,100.79427153341975,0.0
"Ojeda, Ricky",YAR_RED,Left,Fastball,59,-0.08233371968201283,110.08374970393946,22.03
"Olivera, Brandon",HYA_HAR,Right,Curveball,1,0.5451766113118702,90.19984106960321,0.0
"Olivera, Brandon",HYA_HAR,Right,Cutter,2,0.04209547242656268,102.48066810938354,0.0
"Olivera, Brandon",HYA_HAR,Right,Fastball,13,0.38692306443667196,92.29991446232876,15.38
"Olivera, Brandon",HYA_HAR,Right,Slider,2,-0.0071486429135610005,106.26110730787792,0.0
"Oshinskie, Ryan",ORL_FIR,Right,ChangeUp,64,0.21065033193881397,99.79998687867084,17.19
"Oshinskie, Ryan",ORL_FIR,Right,Curveball,12,0.21844413535186813,100.26616586866253,25.0
"Oshinskie, Ryan",ORL_FIR,Right,Cutter,87,0.05574951666579714,101.87861570296414,20.69
"Oshinskie, Ryan",ORL_FIR,Right,Fastball,123,0.1292514616488972,102.06512081736477,16.26
"Oshinskie, Ryan",ORL_FIR,Right,Slider,7,0.11176553167377826,101.80572558950146,0.0
"Overbay, Alex",YAR_RED,Right,Curveball,1,0.6194123046337018,87.91270815309326,0.0
"Overbay, Alex",YAR_RED,Right,Fastball,16,0.15760406422050988,100.99061741140676,12.5
"Overbay, Alex",YAR_RED,Right,Slider,15,0.19025920997356716,98.86478687871605,6.67
"Palmer, Laif",FAL_COM,Right,ChangeUp,8,0.1794038992254734,100.94798205122554,12.5
"Palmer, Laif",FAL_COM,Right,Cutter,49,-0.049966792719296535,106.54000080967022,16.33
"Palmer, Laif",FAL_COM,Right,Fastball,137,0.07694889974715881,104.04727680328529,9.49
"Palmer, Laif",FAL_COM,Right,Slider,29,-0.01246308014708129,106.46022441545448,24.14
"Pauley, Truman",ORL_FIR,Right,ChangeUp,39,0.1260138401551798,102.90953493111442,15.38
"Pauley, Truman",ORL_FIR,Right,Fastball,175,-0.06732732719490452,109.51503930785454,12.0
"Pauley, Truman",ORL_FIR,Right,Slider,78,0.09342862296863212,102.49275830111854,7.69
"Payamps, Andrelys",BRE_WHI,Right,Curveball,2,0.25938730697299006,99.00474469333898,0.0
"Payamps, Andrelys",BRE_WHI,Right,Fastball,11,-0.08015869566083751,110.00132091409942,9.09
"Payamps, Andrelys",BRE_WHI,Right,Slider,4,0.23225947945138872,97.29115418566035,0.0
"Pena, Rodney",YAR_RED,Right,Curveball,25,0.0017303352864123179,106.94291721848653,4.0
"Pena, Rodney",YAR_RED,Right,Fastball,64,-0.017133407903306183,107.6127963973147,10.94
"Pena, Rodney",YAR_RED,Right,Sinker,9,0.12033949014838921,101.43798425294001,11.11
"Pena, Rodney",YAR_RED,Right,Slider,4,0.2482591492616874,96.69169128209785,50.0
"Peters, Mason",CHA_ANG,Left,ChangeUp,20,0.0609059187488966,105.30160253624531,5.0
"Peters, Mason",CHA_ANG,Left,Curveball,37,-0.24855436767504654,114.65395697614609,10.81
"Peters, Mason",CHA_ANG,Left,Fastball,103,-0.07224498209213708,109.70140798152589,10.68
"Peters, Mason",CHA_ANG,Left,Slider,3,0.07073819742981727,103.34290511901169,0.0
"Pettitte, Luke",ORL_FIR,Right,ChangeUp,100,0.2540473961606082,98.20557702437743,27.0
"Pettitte, Luke",ORL_FIR,Right,Curveball,36,0.2490388447014079,99.32357122593413,0.0
"Pettitte, Luke",ORL_FIR,Right,Fastball,106,0.12099539222017296,102.37800830974165,10.38
"Pettitte, Luke",ORL_FIR,Right,Slider,120,0.34928905630550583,92.90638307629018,22.5
"Petty, Zane",BOU_BRA,Right,Curveball,26,0.30707019179740724,97.53567919996121,0.0
"Petty, Zane",BOU_BRA,Right,Cutter,112,0.03461808419056073,102.81037112647802,15.18
"Petty, Zane",BOU_BRA,Right,Fastball,165,0.0992110239164564,103.20358959032656,9.7
"Philpott, Alex",BRE_WHI,Right,ChangeUp,8,0.2900731784395789,96.88198835993103,0.0
"Philpott, Alex",BRE_WHI,Right,Cutter,11,-0.04403209310334911,106.2783200854427,0.0
"Philpott, Alex",BRE_WHI,Right,Fastball,111,0.038661957077359844,105.49827059471971,9.01
"Philpott, Alex",BRE_WHI,Right,Slider,72,0.018430890582852893,105.30271369080063,18.06
"Piech, Ryan",BRE_WHI,Right,ChangeUp,3,-0.12165760812367565,112.00899372732972,33.33
"Piech, Ryan",BRE_WHI,Right,Curveball,14,0.5335745906301153,90.55728857513445,0.0
"Piech, Ryan",BRE_WHI,Right,Fastball,67,0.279110599365799,96.38577785461459,13.43
"Piech, Ryan",BRE_WHI,Right,Slider,5,0.14764733690869747,100.46133464854947,0.0
"Pirko, Lukas",COT_KET,Right,ChangeUp,8,0.289949591978811,96.88652893138303,12.5
"Pirko, Lukas",COT_KET,Right,Curveball,7,0.14262430523956765,102.6021045716562,14.29
"Pirko, Lukas",COT_KET,Right,Cutter,7,0.3424327260809508,89.23779565841835,42.86
"Pirko, Lukas",COT_KET,Right,Fastball,16,0.5367186862616409,86.62297861695139,0.0
"Pitzer, Tyler",CCE_ALL,Right,Cutter,9,0.07353066575311121,101.09458546186103,33.33
"Pitzer, Tyler",CCE_ALL,Right,Fastball,12,0.3094303611310469,95.23672329419787,0.0
"Pitzer, Tyler",CCE_ALL,Right,Slider,3,0.3166050658568789,94.13096083612191,33.33
"Pitzer, Tyler",YAR_RED,Right,Cutter,84,-0.06096132851186953,107.02478660759246,22.62
"Pitzer, Tyler",YAR_RED,Right,Fastball,123,0.17349390423918648,100.38842623064755,11.38
"Pitzer, Tyler",YAR_RED,Right,Slider,88,0.30203726034538464,94.67677578693001,23.86
"Plog, Ethan",HYA_HAR,Left,ChangeUp,5,0.39187918259337134,93.14163174457447,20.0
"Plog, Ethan",HYA_HAR,Left,Curveball,9,0.33557128566610805,96.65758691002935,0.0
"Plog, Ethan",HYA_HAR,Left,Fastball,36,0.07553240799786602,104.10095883142652,2.78
"Plog, Ethan",HYA_HAR,Left,Slider,3,0.19540835506264545,98.67186280574695,33.33
"Pluta, Tony",WAR_GAT,Right,ChangeUp,2,-0.24664557763272515,116.60105666584693,100.0
"Pluta, Tony",WAR_GAT,Right,Curveball,6,0.26365899914024266,98.8731378162729,16.67
"Pluta, Tony",WAR_GAT,Right,Cutter,9,0.1808103680301829,96.36426514179965,0.0
"Pluta, Tony",WAR_GAT,Right,Fastball,12,0.441130227650892,90.24557813274897,0.0
"Pluta, Tony",WAR_GAT,Right,Slider,1,-0.2769296219391077,116.3690464672529,0.0
"Porco, Robby",FAL_COM,Right,ChangeUp,7,0.07419592017621499,104.81332735866661,0.0
"Porco, Robby",FAL_COM,Right,Cutter,43,0.009254736364434041,103.92872582974563,9.3
"Porco, Robby",FAL_COM,Right,Fastball,119,0.003869517219289012,106.81683015321742,15.13
"Porco, Robby",FAL_COM,Right,Slider,21,0.09841462869526259,102.30594660403332,23.81
"Potok, Matthew",BOU_BRA,Right,Fastball,16,-0.14991684302678515,112.64500650693734,18.75
"Potok, Matthew",BOU_BRA,Right,Sinker,15,0.10888138236863408,101.88307851865162,13.33
"Potok, Matthew",BOU_BRA,Right,Slider,22,0.01880500717030821,105.28869658804501,13.64
"Powell, Daniel",WAR_GAT,Right,ChangeUp,120,0.07367827707492683,104.83234558666202,10.83
"Powell, Daniel",WAR_GAT,Right,Curveball,36,0.01598058326675407,106.50388028401657,11.11
"Powell, Daniel",WAR_GAT,Right,Fastball,247,0.291691925217171,95.90897233227776,10.93
"Proksch, Owen",BRE_WHI,Left,ChangeUp,18,0.004435872279216482,107.37631427488976,11.11
"Proksch, Owen",BRE_WHI,Left,Fastball,114,-0.09866541762393498,110.7026863613186,7.02
"Proksch, Owen",BRE_WHI,Left,Slider,43,0.19770920783491647,98.58565628399438,9.3
"Quinn, JT",CHA_ANG,Right,Curveball,39,-0.10913851777288866,110.35868383830282,23.08
"Quinn, JT",CHA_ANG,Right,Fastball,28,0.0816570197870252,103.8688490555779,17.86
"Quinn, JT",CHA_ANG,Right,Sinker,77,0.01586924778174755,105.49616791717912,11.69
"Quinn, JT",CHA_ANG,Right,Slider,76,-0.24517948305522405,115.17945751513626,28.95
"Raab, JT",ORL_FIR,Right,ChangeUp,91,0.1566586795708578,101.78364232008711,14.29
"Raab, JT",ORL_FIR,Right,Curveball,2,0.2630567587437115,98.89169228478964,0.0
"Raab, JT",ORL_FIR,Right,Fastball,147,0.3032716132655737,95.47012675482105,10.88
"Raab, JT",ORL_FIR,Right,Slider,1,0.2942450358466994,94.968728657119,0.0
"Reddemann, Logan",ORL_FIR,Right,ChangeUp,57,0.28503949364415176,97.06692613821525,17.54
"Reddemann, Logan",ORL_FIR,Right,Curveball,19,0.12078382586107246,103.2749895015828,0.0
"Reddemann, Logan",ORL_FIR,Right,Fastball,144,-0.026058504172937327,107.95103858569932,16.67
"Reddemann, Logan",ORL_FIR,Right,Slider,66,-0.03392221962109652,107.26423838634064,16.67
"Reed, Josh",BOU_BRA,Left,Fastball,14,-0.11443717704924715,111.30040253843651,0.0
"Reed, Josh",BOU_BRA,Left,Sinker,1,-0.2395864207825679,115.4194340800612,0.0
"Reed, Josh",BOU_BRA,Left,Slider,4,-0.11438549331431308,110.27897233086442,0.0
"Reich, Ryan",HAR_MAR,Right,ChangeUp,16,0.28085097933080955,97.22081231959173,12.5
"Reich, Ryan",HAR_MAR,Right,Curveball,1,0.2185151543097547,100.2639778403838,0.0
"Reich, Ryan",HAR_MAR,Right,Fastball,147,0.49004704832814777,88.39173454665878,10.2
"Reich, Ryan",HAR_MAR,Right,Slider,19,0.05016623770536733,104.11367894463474,10.53
"Remington, Kyle",COT_KET,Right,ChangeUp,14,0.07959704100719474,104.6148899659174,35.71
"Remington, Kyle",COT_KET,Right,Curveball,10,-0.07069596743661573,109.17430448742225,0.0
"Remington, Kyle",COT_KET,Right,Cutter,12,-0.05438709114322577,106.7349065281951,8.33
"Remington, Kyle",COT_KET,Right,Fastball,53,0.34765245074337947,93.78818729586934,9.43
"Remington, Kyle",COT_KET,Right,Slider,43,-0.042107790978307975,107.57092886378746,13.95
"Remmington, Kyle",COT_KET,Right,ChangeUp,1,0.803002134048481,78.03695826306692,0.0
"Remmington, Kyle",COT_KET,Right,Fastball,12,0.03735879945121761,105.5476575003575,8.33
"Remmington, Kyle",COT_KET,Right,Slider,18,-0.035356799225441,107.31798807400347,16.67
"Renfroe, Ryan",YAR_RED,Right,Cutter,27,-0.009398503037654583,104.75120944505976,11.11
"Renfroe, Ryan",YAR_RED,Right,Fastball,19,0.09510801717011089,103.35908482969592,15.79
"Renfroe, Ryan",YAR_RED,Right,Slider,5,0.1351396876312856,100.9299613040666,40.0
"Rhudy, Bo",YAR_RED,Right,Fastball,126,0.8731846092838671,73.8716349135637,18.25
"Rhudy, Bo",YAR_RED,Right,Slider,30,0.3727788093673964,92.0262876904852,13.33
"Richter, Chase",WAR_GAT,Left,Fastball,45,0.31764833538913995,94.92527952785957,8.89
"Richter, Chase",WAR_GAT,Left,Sinker,23,0.39741226416318015,90.6749939521606,13.04
"Richter, Chase",WAR_GAT,Left,Slider,57,0.40080704221209257,90.976148153731,19.3
"Rizy, Mavrick",BRE_WHI,Right,ChangeUp,3,-0.0087085657214964,107.8592414464232,0.0
"Rizy, Mavrick",BRE_WHI,Right,Curveball,20,0.025904311949588966,106.19813939968712,35.0
"Rizy, Mavrick",BRE_WHI,Right,Sinker,48,0.0776287068224067,103.09709979870526,14.58
"Rizy, Mavrick",BRE_WHI,Right,Slider,22,-0.1254496821336377,110.69351655795384,22.73
"Rodriguez, Christian",CCE_ALL,Right,ChangeUp,6,0.7932904332911606,78.39376653263747,0.0
"Rodriguez, Christian",CCE_ALL,Right,Fastball,11,0.16829116245451897,100.5855990917218,18.18
"Rodriguez, Christian",CCE_ALL,Right,Slider,4,-0.09721020816660836,109.63546240683276,50.0
"Rodriguez, Christian",HAR_MAR,Right,ChangeUp,33,0.21306618019252221,99.71122851837015,24.24
"Rodriguez, Christian",HAR_MAR,Right,Fastball,144,0.04848071093575975,105.1261606821829,10.42
"Rodriguez, Christian",HAR_MAR,Right,Slider,22,0.07179568155102399,103.30328414499873,18.18
"Rodriguez, Freddy",HAR_MAR,Right,ChangeUp,42,0.10845231098854241,103.55474620662014,19.05
"Rodriguez, Freddy",HAR_MAR,Right,Fastball,93,-0.07945542175766583,109.97466832718538,12.9
"Rodriguez, Freddy",HAR_MAR,Right,Sinker,46,0.24398925441484398,96.63476524946452,8.7
"Rodriguez, Freddy",HAR_MAR,Right,Slider,60,0.22718354991460418,97.48133507654603,6.67
"Roman, Richie",HYA_HAR,Right,ChangeUp,29,0.22525728563902245,99.26332682254834,27.59
"Roman, Richie",HYA_HAR,Right,Curveball,15,0.04302172189362419,105.67076786213481,13.33
"Roman, Richie",HYA_HAR,Right,Cutter,2,0.2046673356297669,95.3123317730819,50.0
"Roman, Richie",HYA_HAR,Right,Fastball,128,0.12162791332550954,102.35403710356022,7.81
"Roman, Richie",HYA_HAR,Right,Slider,63,-0.07610602643244935,108.84474771023781,17.46
"Rowan, Hudson",WAR_GAT,Left,Curveball,68,0.1743361354882486,101.62509246926899,17.65
"Rowan, Hudson",WAR_GAT,Left,Fastball,270,0.3549015962647166,93.51346008050038,12.96
"Russell, Mason",HYA_HAR,Left,ChangeUp,36,0.3053425103093087,96.32099250368722,0.0
"Russell, Mason",HYA_HAR,Left,Curveball,37,0.1351483883473629,102.8324306431206,5.41
"Russell, Mason",HYA_HAR,Left,Fastball,85,0.2878175002710686,96.05580480701092,9.41
"Russell, Mason",HYA_HAR,Left,Slider,41,0.027882463589340704,104.94858967043771,2.44
"Sabbath, Joe",CCW_ALL,Right,Fastball,6,-0.09539978693798508,110.57892589573906,16.67
"Sabbath, Joe",CCW_ALL,Right,Slider,7,-0.157664395124996,111.9005118032433,42.86
"Sabbath, Joe",FAL_COM,Right,ChangeUp,9,0.10149990512190725,103.81017787287658,0.0
"Sabbath, Joe",FAL_COM,Right,Curveball,8,-0.025199865712572326,107.77261175485981,0.0
"Sabbath, Joe",FAL_COM,Right,Fastball,148,-0.012686637256305715,107.44427323639331,21.62
"Sabbath, Joe",FAL_COM,Right,Slider,55,0.011837274177473624,105.54975806622903,16.36
"Sampson, Beau",COT_KET,Left,ChangeUp,80,0.2865260302976601,97.01231072282658,3.75
"Sampson, Beau",COT_KET,Left,Fastball,25,0.26323229208558685,96.98753196908584,8.0
"Sampson, Beau",COT_KET,Left,Slider,116,0.06840146023022531,103.43045612994744,14.66
"Sapienza, Matthew",BOU_BRA,Right,Fastball,22,0.16764656990615684,100.61002777994965,4.55
"Sapienza, Matthew",BOU_BRA,Right,Slider,8,0.22121415192195928,97.70499173294077,12.5
"Saunier, Grayson",FAL_COM,Right,ChangeUp,42,-0.02864019533299656,108.59153030592493,11.9
"Saunier, Grayson",FAL_COM,Right,Cutter,63,-0.10113726213177908,108.7962776832189,9.52
"Saunier, Grayson",FAL_COM,Right,Fastball,41,0.23593205736773376,98.02215286900831,14.63
"Saunier, Grayson",FAL_COM,Right,Sinker,38,0.3778784099077,91.43379345758349,2.63
"Saunier, Grayson",FAL_COM,Right,Slider,48,0.03649776202810129,104.62579852047082,8.33
"Sauser, Matt",FAL_COM,Right,ChangeUp,38,0.05144436506781543,105.64922039235054,5.26
"Sauser, Matt",FAL_COM,Right,Curveball,38,-0.02335589134917095,107.71580061354734,2.63
"Sauser, Matt",FAL_COM,Right,Fastball,129,0.16022862190001955,100.89115225089307,8.53
"Sauser, Matt",FAL_COM,Right,Slider,43,0.03756816222195806,104.58569361732025,6.98
"Schaefer, Derek",YAR_RED,Right,ChangeUp,48,0.22147827632208303,99.40216777417588,16.67
"Schaefer, Derek",YAR_RED,Right,Curveball,1,-0.0585159618751109,108.79904980336853,0.0
"Schaefer, Derek",YAR_RED,Right,Cutter,11,-0.07521321420254633,107.65319984002002,27.27
"Schaefer, Derek",YAR_RED,Right,Fastball,207,0.29513084874634343,95.77864443607875,10.63
"Schaefer, Derek",YAR_RED,Right,Slider,129,-0.07011791882139,108.6203900567405,6.98
"Schlageter, TJ",WAR_GAT,Left,ChangeUp,27,0.7838209627455478,78.74167525465845,18.52
"Schlageter, TJ",WAR_GAT,Left,Curveball,37,0.8050968583616844,82.19193912790745,8.11
"Schlageter, TJ",WAR_GAT,Left,Fastball,79,0.2905451853647091,95.95243133658276,12.66
"Schlageter, TJ",WAR_GAT,Left,Sinker,10,0.0182210161062963,105.40481264145129,10.0
"Schlageter, TJ",WAR_GAT,Left,Slider,17,0.16901619808704077,99.66070315304522,0.0
"Schmitt, Tyler",BRE_WHI,Right,ChangeUp,19,0.2072921615139412,99.92336619277488,10.53
"Schmitt, Tyler",BRE_WHI,Right,Curveball,17,0.18038071684056162,101.43886451936,5.88
"Schmitt, Tyler",BRE_WHI,Right,Cutter,23,-0.06782299846420092,107.32734054944846,0.0
"Schmitt, Tyler",BRE_WHI,Right,Fastball,78,-0.00592589642141325,107.18805552108682,6.41
"Schulz, Jakob",CCW_ALL,Left,Curveball,2,0.568727404399787,89.474262959249,0.0
"Schulz, Jakob",CCW_ALL,Left,Fastball,2,0.3211255527118386,94.79350037823622,0.0
"Schulz, Jakob",CCW_ALL,Left,Slider,4,-0.09094325591081662,109.4006572239579,25.0
"Schulz, Jakob",FAL_COM,Left,Curveball,78,0.5673630105064645,89.51629867070892,15.38
"Schulz, Jakob",FAL_COM,Left,Fastball,131,0.5036016964227125,87.87804217900452,12.21
"Schulz, Jakob",FAL_COM,Left,Slider,30,0.0160365037818654,105.39242467115147,0.0
"Scolari, Callan",ORL_FIR,Right,ChangeUp,15,0.1073273665089651,103.59607671125069,0.0
"Scolari, Callan",ORL_FIR,Right,Curveball,13,0.037452540759444965,105.84234917187979,0.0
"Scolari, Callan",ORL_FIR,Right,Fastball,151,-0.00783712300027712,107.26048694826744,9.93
"Scolari, Callan",ORL_FIR,Right,Sinker,1,0.4062640998221029,90.33114125252295,0.0
"Scolari, Callan",ORL_FIR,Right,Slider,66,-0.025530324289716015,106.94981752632366,13.64
"Scolari, Callan",ORL_FIR,Right,Undefined,2,0.2835842988438437,96.94536350859475,0.0
"Scudder, Dylan",COT_KET,Right,ChangeUp,24,-0.15047072566620331,113.06758880435912,12.5
"Scudder, Dylan",COT_KET,Right,Curveball,25,0.07834368921970679,104.5825307819321,4.0
"Scudder, Dylan",COT_KET,Right,Fastball,85,0.3943455863393392,92.0186166504235,3.53
"Scudder, Dylan",COT_KET,Right,Slider,9,0.2559886798341455,96.40208737807488,11.11
"Seagraves, Camron",BOU_BRA,Right,Curveball,3,0.42404760691759086,93.93171344389627,0.0
"Seagraves, Camron",BOU_BRA,Right,Fastball,69,0.6489040942762789,82.37138997685918,11.59
"Seagraves, Camron",BOU_BRA,Right,Slider,42,0.024574275043367944,105.07253824780301,26.19
"Seid, Spencer",BRE_WHI,Left,ChangeUp,22,0.661365355632404,83.2406990986867,13.64
"Seid, Spencer",BRE_WHI,Left,Fastball,83,0.47201944615517216,89.0749423716615,2.41
"Seid, Spencer",BRE_WHI,Left,Sinker,1,0.4358888196068183,89.18035849214542,0.0
"Seid, Spencer",BRE_WHI,Left,Slider,20,0.1653952572840027,99.79636968323948,0.0
"Shadek, Justin",BRE_WHI,Right,ChangeUp,7,0.028119204313505872,106.50618772013057,0.0
"Shadek, Justin",BRE_WHI,Right,Curveball,1,-0.139077903953109,111.28108858147705,0.0
"Shadek, Justin",BRE_WHI,Right,Fastball,27,-0.06249063681704694,109.33173901746865,18.52
"Sharman, Michael",CHA_ANG,Left,ChangeUp,11,0.14385681616683538,102.25398328740167,0.0
"Sharman, Michael",CHA_ANG,Left,Curveball,16,-0.06783642187901645,109.08620453875346,0.0
"Sharman, Michael",CHA_ANG,Left,Cutter,21,0.1793496635597965,96.4286724797323,19.05
"Sharman, Michael",CHA_ANG,Left,Fastball,44,0.02499384383395128,106.01626305047284,13.64
"Sheerin, Deven",FAL_COM,Right,ChangeUp,4,0.4548263553747627,90.8289501293016,0.0
"Sheerin, Deven",FAL_COM,Right,Fastball,89,0.04161595021785861,105.38632053007836,12.36
"Sheerin, Deven",FAL_COM,Right,Sinker,97,0.08160589005927037,102.94260470349066,17.53
"Sheerin, Deven",FAL_COM,Right,Slider,51,0.12537419263626,101.29584710382697,7.84
"Shorey, Matthew",BOU_BRA,Left,ChangeUp,70,0.2651625018317989,97.79720760281738,7.14
"Shorey, Matthew",BOU_BRA,Left,Fastball,198,0.13082757948895557,102.0053892994889,11.62
"Shorey, Matthew",BOU_BRA,Left,Sinker,21,0.24622293573573947,96.54799710532868,9.52
"Shorey, Matthew",BOU_BRA,Left,Slider,98,0.15201418306823972,100.29772112969266,14.29
"Shurtleff, Thomas",HAR_MAR,Right,Cutter,92,-0.047574459268607684,106.43451483894178,15.22
"Shurtleff, Thomas",HAR_MAR,Right,Fastball,32,0.04555952343194203,105.23686748288544,9.38
"Shurtleff, Thomas",HAR_MAR,Right,Sinker,93,0.2957926151077549,94.62244530692188,2.15
"Shurtleff, Thomas",HAR_MAR,Right,Slider,55,-0.016356856962948797,106.60611334838494,16.36
"Skelding, Tommy",WAR_GAT,Right,ChangeUp,35,0.24428916323851826,98.5640948875203,5.71
"Skelding, Tommy",WAR_GAT,Right,Cutter,35,-0.030386063473923208,105.6766210699335,14.29
"Skelding, Tommy",WAR_GAT,Right,Fastball,13,0.011153897344569839,106.54076762121043,7.69
"Skelding, Tommy",WAR_GAT,Right,Sinker,43,0.2776243904365208,95.32819644618189,6.98
"Smith, Cade",CHA_ANG,Right,Curveball,5,-0.14710378207397798,111.52835844874369,20.0
"Smith, Cade",CHA_ANG,Right,Cutter,1,0.268808993612067,92.48411187988643,0.0
"Smith, Cade",CHA_ANG,Right,Fastball,8,0.2034626978120308,99.25267261913555,12.5
"Smith, Cade",CHA_ANG,Right,Slider,1,-0.089821456596053,109.35862653942404,0.0
"Smith, Derrick",BOU_BRA,Right,Fastball,55,-0.052945707059144614,108.97000645663613,5.45
"Smith, Derrick",BOU_BRA,Right,Sinker,79,0.10857398618468883,101.8950194325796,5.06
"Smith, Derrick",BOU_BRA,Right,Slider,87,0.09621274261060728,102.38844512064468,8.05
"Smith, Kaden",CHA_ANG,Right,ChangeUp,24,0.1888817037439204,100.59976713871333,12.5
"Smith, Kaden",CHA_ANG,Right,Curveball,84,0.0037555526870237223,106.8805221471568,9.52
"Smith, Kaden",CHA_ANG,Right,Fastball,122,-0.04911100064351763,108.82467922983102,13.11
"Smith, Kaden",CHA_ANG,Right,Slider,16,-0.28908027822221,116.82429759318363,18.75
"Smith, Kolten",CHA_ANG,Right,ChangeUp,13,0.09614412959282549,104.00694927744232,15.38
"Smith, Kolten",CHA_ANG,Right,Curveball,10,-0.020731526310192705,107.63494635871385,20.0
"Smith, Kolten",CHA_ANG,Right,Cutter,23,0.22635764206171324,94.35593373052951,21.74
"Smith, Kolten",CHA_ANG,Right,Fastball,43,0.15499964575483502,101.08931933849931,6.98
"Smith, Kolten",CHA_ANG,Right,Slider,7,0.2571856578167857,96.35723995900427,28.57
"Speshyock, Ryan",CCW_ALL,Right,Fastball,12,0.45857531425817033,89.58444641020577,16.67
"Speshyock, Ryan",CCW_ALL,Right,Slider,14,-0.09346172830918846,109.49501734478353,35.71
"Speshyock, Ryan",HYA_HAR,Right,ChangeUp,12,0.08878424101959204,104.27735187444036,25.0
"Speshyock, Ryan",HYA_HAR,Right,Fastball,99,0.28481428153913346,96.16962041699418,13.13
"Speshyock, Ryan",HYA_HAR,Right,Slider,65,-0.04619415475754076,107.72403349189265,15.38
"Stammel, Max",HYA_HAR,Left,ChangeUp,33,-0.1497587680625107,113.04143145386729,15.15
"Stammel, Max",HYA_HAR,Left,Fastball,107,0.07445029531614948,104.14196860325251,11.21
"Stammel, Max",HYA_HAR,Left,Slider,54,0.051661812868201804,104.05764392389753,18.52
"Starke, Ty",WAR_GAT,Left,ChangeUp,26,-0.26922167154961163,117.4305032484215,15.38
"Starke, Ty",WAR_GAT,Left,Fastball,44,-0.20296046565761003,114.65524712020077,6.82
"Starke, Ty",WAR_GAT,Left,Sinker,55,-0.21063229611334794,114.29470082508703,7.27
"Starke, Ty",WAR_GAT,Left,Slider,29,0.28064936850489214,95.47812030814818,20.69
"Starling, Zane",COT_KET,Right,ChangeUp,4,0.2315154439182989,99.03340184008385,0.0
"Starling, Zane",COT_KET,Right,Curveball,3,0.6108796693633982,88.17559073851861,0.0
"Starling, Zane",COT_KET,Right,Cutter,5,0.3773750883258007,87.69707022155175,0.0
"Starling, Zane",COT_KET,Right,Fastball,20,-0.10169643249632329,110.81755538597568,5.0
"Starling, Zane",COT_KET,Right,Slider,7,0.7000646641706135,79.76380158036663,0.0
"Stephens, Jordan",WAR_GAT,Right,Fastball,136,0.09556347387395733,103.3418239881801,16.18
"Stephens, Jordan",WAR_GAT,Right,Slider,53,0.0012735567375347808,105.94555102971152,13.21
"Stevens, Jonathan",BOU_BRA,Right,ChangeUp,2,-0.27355117272752894,117.5895692927734,50.0
"Stevens, Jonathan",BOU_BRA,Right,Curveball,18,0.40058018270637746,94.65472303641776,5.56
"Stevens, Jonathan",BOU_BRA,Right,Cutter,32,-0.09377936127252257,108.47184326357774,21.88
"Stevens, Jonathan",BOU_BRA,Right,Fastball,137,0.1610790163114151,100.8589241092562,10.95
"Stevens, Jonathan",BOU_BRA,Right,Sinker,3,0.12433643443734088,101.28272153263951,0.0
"Stevens, Jonathan",BOU_BRA,Right,Slider,27,-0.009564172048568458,106.35161043238486,14.81
"Stevens, Jonathan",CCW_ALL,Right,ChangeUp,1,0.1872722608583174,100.65889813392566,0.0
"Stevens, Jonathan",CCW_ALL,Right,Curveball,2,-0.3041728098285787,116.36750963689748,0.0
"Stevens, Jonathan",CCW_ALL,Right,Cutter,7,0.005185530509217696,104.10815070448781,14.29
"Stevens, Jonathan",CCW_ALL,Right,Fastball,11,-0.005317786887665657,107.16500946160932,18.18
"Stevens, Jonathan",CCW_ALL,Right,Slider,3,0.23408773221864898,97.22265466502633,0.0
"Stiffler, Mac",FAL_COM,Right,ChangeUp,6,0.5831301103645073,86.11506510120425,16.67
"Stiffler, Mac",FAL_COM,Right,Curveball,5,-0.028124445169323897,107.86271533769411,0.0
"Stiffler, Mac",FAL_COM,Right,Fastball,58,0.2993049179391617,95.62045608095123,3.45
"Stiffler, Mac",FAL_COM,Right,Slider,38,-0.01042489912339754,106.38385946986935,28.95
"Stone, Duke",CHA_ANG,Right,ChangeUp,55,-0.06173748134398376,109.8075259017695,25.45
"Stone, Duke",CHA_ANG,Right,Fastball,176,0.1323218538335806,101.94875947622383,12.5
"Stone, Duke",CHA_ANG,Right,Slider,80,0.08017198046733327,102.98944763905747,16.25
"Swift, Chase",COT_KET,Left,ChangeUp,28,0.30018967023270987,96.51030805170997,10.71
"Swift, Chase",COT_KET,Left,Fastball,46,0.15617643100251366,101.04472167754321,10.87
"Swift, Chase",COT_KET,Left,Slider,12,0.20590198025285125,98.27869600293155,8.33
"Swink, Josh",CCE_ALL,Left,Cutter,3,0.5432986813210977,80.3809449260494,0.0
"Swink, Josh",CCE_ALL,Left,Fastball,15,0.5006095554584584,87.99143796512598,33.33
"Swink, Josh",CCE_ALL,Left,Sinker,3,0.3871571089767473,91.07335909719167,0.0
"Swink, Josh",CHA_ANG,Left,Cutter,69,0.47606143210191365,83.3456597742049,8.7
"Swink, Josh",CHA_ANG,Left,Fastball,178,0.533651826233607,86.73920609685892,10.11
"Swink, Josh",CHA_ANG,Left,Sinker,16,0.8916782915859192,71.47505459300969,6.25
"Swink, Josh",CHA_ANG,Left,Slider,58,0.09292786973666901,102.51152012495366,5.17
"Tabor, Jacob",YAR_RED,Left,ChangeUp,3,0.28855442587135366,96.93778738929939,33.33
"Tabor, Jacob",YAR_RED,Left,Fastball,11,-0.007501756236058018,107.24777726034768,0.0
"Tabor, Jacob",YAR_RED,Left,Sinker,14,0.07534120035862367,103.18595879963095,7.14
"Tabor, Jacob",YAR_RED,Left,Slider,14,0.009190620044210923,105.6489207983518,7.14
"Takemoto, Itsuki",ORL_FIR,Right,ChangeUp,9,0.09422018111256975,104.07763522062949,11.11
"Takemoto, Itsuki",ORL_FIR,Right,Curveball,33,0.6415158537689221,87.23171828775055,9.09
"Takemoto, Itsuki",ORL_FIR,Right,Cutter,50,0.02182528786446856,103.37444823638116,8.0
"Takemoto, Itsuki",ORL_FIR,Right,Fastball,85,0.0036977679680649835,106.82333908497932,5.88
"Takemoto, Itsuki",ORL_FIR,Right,Slider,38,-0.04135854885636841,107.5428568558514,15.79
"Tate, Dylan",YAR_RED,Right,ChangeUp,28,0.11311991340149699,103.38325830953329,10.71
"Tate, Dylan",YAR_RED,Right,Fastball,90,-0.03315995644621915,108.22016854072254,5.56
"Tate, Dylan",YAR_RED,Right,Sinker,12,0.08393628633928753,102.8520796324223,0.0
"Tate, Dylan",YAR_RED,Right,Slider,37,0.03883577384568111,104.53819975316203,5.41
"Taylor, Nate",CHA_ANG,Right,ChangeUp,35,0.15620614105266722,101.80026860312697,14.29
"Taylor, Nate",CHA_ANG,Right,Fastball,154,0.039927750840169016,105.45029970012746,17.53
"Taylor, Nate",CHA_ANG,Right,Slider,44,0.17057756981576375,99.60220291890674,9.09
"Tomii, Tsubasa",HYA_HAR,Right,ChangeUp,8,0.5548322042633536,87.15473128951957,0.0
"Tomii, Tsubasa",HYA_HAR,Right,Curveball,74,0.7683455706302565,83.3242122452376,6.76
"Tomii, Tsubasa",HYA_HAR,Right,Fastball,43,0.4414898824109829,90.23194798138243,9.3
"Tomii, Tsubasa",HYA_HAR,Right,Slider,161,0.6394021890795073,82.03665495087776,11.8
"Tozzi, Roman",ORL_FIR,Left,ChangeUp,1,0.2312632568947302,99.04266720129465,0.0
"Tozzi, Roman",ORL_FIR,Left,Curveball,5,0.8425104012994431,81.03926254138673,20.0
"Tozzi, Roman",ORL_FIR,Left,Fastball,9,0.47053122051567414,89.13134296185198,11.11
"Troy, Adam",HYA_HAR,Right,ChangeUp,48,0.08351185638920393,104.47105949409298,10.42
"Troy, Adam",HYA_HAR,Right,Fastball,65,0.154096669449988,101.12354022219445,12.31
"Troy, Adam",HYA_HAR,Right,Slider,7,-0.026100611170361117,106.97118458160595,0.0
"Tryba, Cole",CCE_ALL,Left,ChangeUp,4,0.11470042258954583,103.32519033951239,0.0
"Tryba, Cole",CCE_ALL,Left,Fastball,9,0.8803670799955507,73.59943453183843,0.0
"Tryba, Cole",CCE_ALL,Left,Sinker,4,0.8355327226558151,73.65604915653253,0.0
"Tryba, Cole",CCE_ALL,Left,Slider,11,0.046110621857760686,104.26563153369229,0.0
"Tryba, Cole",ORL_FIR,Left,ChangeUp,33,0.09570827641105968,104.0229625405626,24.24
"Tryba, Cole",ORL_FIR,Left,Fastball,71,0.42525010728691776,90.84740095924313,7.04
"Tryba, Cole",ORL_FIR,Left,Sinker,90,0.4922967566524017,86.98917214600453,4.44
"Tryba, Cole",ORL_FIR,Left,Slider,65,0.08355516374082289,102.86268921888652,23.08
"Turner, Bryce",WAR_GAT,Right,ChangeUp,3,0.2997640727104242,96.52594452149572,0.0
"Turner, Bryce",WAR_GAT,Right,Cutter,10,0.013500931050541867,103.74149692641818,0.0
"Turner, Bryce",WAR_GAT,Right,Fastball,26,0.15715258786480818,101.00772740618365,11.54
"Turner, Bryce",WAR_GAT,Right,Sinker,3,0.02984006674647313,104.95346649317251,0.0
"Turner, Bryce",WAR_GAT,Right,Slider,8,-0.22083162981632973,114.26721151436527,12.5
"Turner, Jacob",CHA_ANG,Right,ChangeUp,11,0.06019558319315572,105.32770029263129,9.09
"Turner, Jacob",CHA_ANG,Right,Cutter,3,-0.056899207459113095,106.84567412544952,0.0
"Turner, Jacob",CHA_ANG,Right,Fastball,39,0.05257856413867458,104.97086075116152,5.13
"Turner, Jacob",CHA_ANG,Right,Sinker,32,0.007347039040912217,105.82721614212645,9.38
"Turner, Jacob",CHA_ANG,Right,Slider,25,-0.07059010779976713,108.63808165784005,4.0
"Twist, Toby",HAR_MAR,Left,ChangeUp,24,0.22440498185312333,99.29464049732007,20.83
"Twist, Toby",HAR_MAR,Left,Fastball,121,0.404703105333816,91.62608868376753,6.61
"Twist, Toby",HAR_MAR,Left,Slider,58,0.11280548696638802,101.76676137169731,17.24
"Urena, Jeremy",FAL_COM,Right,ChangeUp,10,0.10761570402844205,103.58548317939179,10.0
"Urena, Jeremy",FAL_COM,Right,Cutter,3,-0.14962986767514486,110.93447859639882,0.0
"Urena, Jeremy",FAL_COM,Right,Fastball,1,0.1946982084890232,99.58482814543223,0.0
"Urena, Jeremy",FAL_COM,Right,Sinker,34,0.26323719432452763,95.8870721883381,5.88
"Urena, Jeremy",FAL_COM,Right,Slider,19,-0.038757011706815156,107.44538453099172,21.05
"Valentin, Alex",BOU_BRA,Left,ChangeUp,15,0.33387450115356326,95.27272603266076,13.33
"Valentin, Alex",BOU_BRA,Left,Fastball,63,0.2239613179275773,98.47581846347343,6.35
"Valentin, Alex",BOU_BRA,Left,Sinker,66,0.29276575954223116,94.74002458626258,13.64
"Valentin, Alex",BOU_BRA,Left,Slider,83,0.14196926919813227,100.67407597363663,8.43
"Vanesko, Jackson",FAL_COM,Left,ChangeUp,36,0.12794066271712914,102.83874339405224,13.89
"Vanesko, Jackson",FAL_COM,Left,Cutter,69,0.11017966973597958,99.47860849165625,15.94
"Vanesko, Jackson",FAL_COM,Left,Fastball,88,0.037360789551135816,105.54758207979832,3.41
"Vanesko, Jackson",FAL_COM,Left,Slider,42,0.10925111785734334,101.89993364660697,2.38
"Volchko, Joey",COT_KET,Right,ChangeUp,37,0.20924125186520184,99.85175653625352,10.81
"Volchko, Joey",COT_KET,Right,Curveball,5,0.12304109116851128,103.20544524928414,0.0
"Volchko, Joey",COT_KET,Right,Cutter,17,0.17351579709338352,96.6859071336776,17.65
"Volchko, Joey",COT_KET,Right,Fastball,78,-0.028252129345134,108.03417231964727,6.41
"Volchko, Joey",COT_KET,Right,Slider,9,0.10469159532900983,102.07076621040989,0.0
"Walker, Charlie",COT_KET,Right,ChangeUp,65,0.4232018974948418,91.99083396141367,15.38
"Walker, Charlie",COT_KET,Right,Fastball,62,0.9278722171674942,71.79909075165712,9.68
"Walker, Charlie",COT_KET,Right,Slider,67,0.22625521220739953,97.51611729543215,11.94
"Watkins, Hunter",YAR_RED,Right,Curveball,61,0.4134696732155258,94.25760977861181,16.39
"Watkins, Hunter",YAR_RED,Right,Cutter,60,0.12734349680603016,98.72179803976117,10.0
"Watkins, Hunter",YAR_RED,Right,Fastball,8,0.4396230725768472,90.30269610829558,25.0
"Watkins, Hunter",YAR_RED,Right,Sinker,92,0.3445655333688988,92.72784397681293,10.87
"Watkins, Hunter",YAR_RED,Right,Slider,43,0.3141245986343375,94.22389700924587,13.95
"Wendt, Shea",WAR_GAT,Right,ChangeUp,47,0.06103065084975159,105.29701987393123,12.77
"Wendt, Shea",WAR_GAT,Right,Curveball,23,0.11005415353777817,103.60556076260117,8.7
"Wendt, Shea",WAR_GAT,Right,Fastball,172,0.04502916336300453,105.25696700281553,10.47
"Wendt, Shea",WAR_GAT,Right,Slider,48,-0.02258882632004504,106.83960781983414,20.83
"Whelan, Will",BOU_BRA,Left,ChangeUp,8,0.24378721488711755,98.58253648978466,0.0
"Whelan, Will",BOU_BRA,Left,Cutter,24,0.47002333415208614,83.61189967625853,20.83
"Whelan, Will",BOU_BRA,Left,Fastball,112,0.21184274907877396,98.93508647848145,8.04
"Whelan, Will",BOU_BRA,Left,Slider,71,0.1186367864315476,101.5482788810976,14.08
"Whelan, Will",CCW_ALL,Left,Cutter,1,-0.2810465102047879,116.72907721438057,0.0
"Whelan, Will",CCW_ALL,Left,Fastball,13,0.33333732885253303,94.3307000048726,7.69
"Whelan, Will",CCW_ALL,Left,Slider,14,0.22705193567443052,97.48626629422117,21.43
"White, Landon",BOU_BRA,Right,Fastball,103,0.44040697884379876,90.2729877260875,12.62
"White, Landon",BOU_BRA,Right,Sinker,17,0.22080272445171273,97.53545423989053,17.65
"White, Landon",BOU_BRA,Right,Slider,109,0.40652875832647944,90.761771444964,16.51
"Whysong, Nate",BOU_BRA,Right,ChangeUp,42,0.09757805191280107,103.95426691474661,7.14
"Whysong, Nate",BOU_BRA,Right,Fastball,260,0.03450927495765661,105.6556484252103,15.38
"Whysong, Nate",BOU_BRA,Right,Slider,80,0.06709488010823486,103.47941003480624,1.25
"Williams, Isaac",HYA_HAR,Right,Cutter,6,-0.23400838921117373,114.65500938206189,0.0
"Williams, Isaac",HYA_HAR,Right,Fastball,5,0.11466491973727724,102.61791976855798,20.0
"Williams, Isaac",HYA_HAR,Right,Sinker,36,-0.20897096942065777,114.23016599973863,19.44
"Wilson, Harrison",HAR_MAR,Right,ChangeUp,1,-0.2911663774437008,118.23675261008995,100.0
"Wilson, Harrison",HAR_MAR,Right,Fastball,13,0.38561194032303653,92.34960328091873,7.69
"Wilson, Harrison",HAR_MAR,Right,Slider,8,0.03085055567081137,104.83738355691817,12.5
"Wimbish, Camden",BRE_WHI,Right,Curveball,54,0.04330630665325965,105.6620000694171,16.67
"Wimbish, Camden",BRE_WHI,Right,Fastball,141,-0.03655497063903823,108.34883236635359,6.38
"Wywoda, Jaden",FAL_COM,Right,ChangeUp,8,0.21868719629289887,99.50471216473439,12.5
"Wywoda, Jaden",FAL_COM,Right,Cutter,8,0.13773969644883077,98.26339488074845,12.5
"Wywoda, Jaden",FAL_COM,Right,Sinker,37,0.1899588618318688,98.73359503664102,2.7
"Wywoda, Jaden",FAL_COM,Right,Slider,33,-0.006977343424284754,106.25468919485198,12.12
